id,created_at,updated_at,item,category
1,12/19/2016 13:10:53,12/19/2016 13:10:53,משכורת רותם,משכורת/קצבה
2,12/19/2016 13:10:53,12/19/2016 13:10:53,משכורת מסיטי בנק ד(י),משכורת
3,12/19/2016 13:10:53,12/19/2016 13:10:53,צ'קים מהחתונה,הפקדת שיקים
4,12/19/2016 13:10:53,12/19/2016 13:10:53,משכורת (י),מזומן
6,12/19/2016 13:10:53,12/19/2016 13:10:53,משכורת מסיטי בנק דרך,משכורת
7,12/19/2016 13:10:53,12/19/2016 13:10:53,משכורת עינב,משכורת/קצבה
8,12/19/2016 13:10:53,12/19/2016 13:10:53,משכורת,משכורת
9,12/19/2016 13:10:53,12/19/2016 13:10:53,צ'ק מראובן ושרה,הפקדת שיקים
10,12/19/2016 13:10:53,12/19/2016 13:10:53,משכורת  ,משכורת
11,12/19/2016 13:10:53,12/19/2016 13:10:53,מזומן מהחתונה,מזומן
12,12/19/2016 13:10:53,12/19/2016 13:10:53,העברה מנטע ועזי,הכנסות אחרות
13,12/19/2016 13:10:53,12/19/2016 13:10:53,UNITED  ,נופש
14,12/19/2016 13:10:53,12/19/2016 13:10:53,סונול חניון הככר,מזון ומשקאות
17,12/19/2016 13:10:53,12/19/2016 13:10:53,שכר דירה,שיקים
18,12/19/2016 13:10:53,12/19/2016 13:10:53,"אונ' ת""א אגף מיחשוב",חינוך ומשפחה
19,12/19/2016 13:10:53,12/19/2016 13:10:53,"אונ' ת""א -שכר לימוד",חינוך ומשפחה
20,12/19/2016 13:10:53,12/19/2016 13:10:53,AIRBNB  ,נופש
21,12/19/2016 13:10:53,12/19/2016 13:10:53,"גט טקסי בע""מ",רכב ותחבורה
22,12/19/2016 13:10:53,12/19/2016 13:10:53,"שב""א 59030 (י)",מזומן
23,12/19/2016 13:10:53,12/19/2016 13:10:53,אי.אם.פי.אם בוגרשוב,בילוי ומסעדות
25,12/19/2016 13:10:53,12/19/2016 13:10:53,מגה בעיר כיכר דיזנגו,מזון ומשקאות
26,12/19/2016 13:10:53,12/19/2016 13:10:53,חברת חשמל לישראל,מיסים ותשלומים
27,12/19/2016 13:10:53,12/19/2016 13:10:53,יונייטד סיטס,בית וגן
28,12/19/2016 13:10:53,12/19/2016 13:10:53,"א,עיריית תל אביב-יפו",מיסים ותשלומים
29,12/19/2016 13:10:53,12/19/2016 13:10:53,4029357733 ~PAYPAL,בילוי ומסעדות
35,12/19/2016 13:10:53,12/19/2016 13:10:53,ר.הדואר-משרד התחבורה,רכב ותחבורה
36,12/19/2016 13:10:53,12/19/2016 13:10:53,בנק-קט 12753 (י),בית וגן
37,12/19/2016 13:10:53,12/19/2016 13:10:53,פניקס אוטו חובה,רכב ותחבורה
38,12/19/2016 13:10:53,12/19/2016 13:10:53,הסתור אלטיב ירושלים,נופש
39,12/19/2016 13:10:53,12/19/2016 13:10:53,שרותי בריאות כללית,בריאות
40,12/19/2016 13:10:53,12/19/2016 13:10:53,שופרסל אקספרס דראינו,מזון ומשקאות
41,12/19/2016 13:10:53,12/19/2016 13:10:53,הפק.שיק במכונה  ,שיקים
42,12/19/2016 13:10:53,12/19/2016 13:10:53,איי.אם.פי.אם,מזון ומשקאות
43,12/19/2016 13:10:53,12/19/2016 13:10:53,ELAL-CALL CENTER,נופש
44,12/19/2016 13:10:53,12/19/2016 13:10:53,ovivarerifo,יופי ואביזרי אופנה
45,12/19/2016 13:10:53,12/19/2016 13:10:53,חב' חשמל דן חשבונות,מיסים ותשלומים
46,12/19/2016 13:10:53,12/19/2016 13:10:53,הפניקס ביטוח אלמנטרי,רכב ותחבורה
47,12/19/2016 13:10:53,12/19/2016 13:10:53,AMZN.COM/BILL~AMAZON,יופי ואביזרי אופנה
49,12/19/2016 13:10:53,12/19/2016 13:10:53,טובה בריינס קוסמטיקה,יופי ואביזרי אופנה
50,12/19/2016 13:10:53,12/19/2016 13:10:53,הפקדת מזומן (י),מתנה מלוטשן
51,12/19/2016 13:10:53,12/19/2016 13:10:53,אוניברסיטת תל אביב,מענק
52,12/19/2016 13:10:53,12/19/2016 13:10:53,"בנק הפועלים נתב""ג- ר",נופש
53,12/19/2016 13:10:53,12/19/2016 13:10:53,הפיצה,בילוי ומסעדות
54,12/19/2016 13:10:53,12/19/2016 13:10:53,משיכה מבנקט  ,מזומן
55,12/19/2016 13:10:53,12/19/2016 13:10:53,1 809 442791 ~HOTELS,נופש
56,12/19/2016 13:10:53,12/19/2016 13:10:53,שקם גנדן נתניה 526,מוצרי חשמל ותקשורת
57,12/19/2016 13:10:53,12/19/2016 13:10:53,"כללית ת""א-קטוביץ",בריאות
58,12/19/2016 13:10:53,12/19/2016 13:10:53,שיק,בריאות
60,12/19/2016 13:10:53,12/19/2016 13:10:53,STORY דיזינגוף 246 ת,ביגוד והנעלה
61,12/19/2016 13:10:53,12/19/2016 13:10:53,סונול חניון הככר  ,מזון ומשקאות
63,12/19/2016 13:10:53,12/19/2016 13:10:53,"שב""א 59030",מזומן
64,12/19/2016 13:10:53,12/19/2016 13:10:53,זארה - קניון דיזנגוף,ביגוד והנעלה
66,12/19/2016 13:10:53,12/19/2016 13:10:53,מ מ מוסך הדקלים,רכב ותחבורה
67,12/19/2016 13:10:53,12/19/2016 13:10:53,סטלה ולורי,ביגוד והנעלה
68,12/19/2016 13:10:53,12/19/2016 13:10:53,"שע""מ- החזר מס מילוא(י)",מילואים
69,12/19/2016 13:10:53,12/19/2016 13:10:53,B בזק הוראת קבע,מיסים ותשלומים
70,12/19/2016 13:10:53,12/19/2016 13:10:53,סרויסריה,בילוי ומסעדות
71,12/19/2016 13:10:53,12/19/2016 13:10:53,קופי טיים,בילוי ומסעדות
73,12/19/2016 13:10:53,12/19/2016 13:10:53,סונולהחוף,רכב ותחבורה
74,12/19/2016 13:10:53,12/19/2016 13:10:53,‏ELAL-CALL CENTER,נופש
75,12/19/2016 13:10:53,12/19/2016 13:10:53,קפה בר הבימה,בילוי ומסעדות
76,12/19/2016 13:10:53,12/19/2016 13:10:53,‏סונול חניון הככר,מזון ומשקאות
78,12/19/2016 13:10:53,12/19/2016 13:10:53,"דרום אמריקה בע""מ",מזון ומשקאות
79,12/19/2016 13:10:53,12/19/2016 13:10:53,אייס- נמל תל אביב,בית וגן
80,12/19/2016 13:10:53,12/19/2016 13:10:53,מאיפה זה,ביגוד והנעלה
81,12/19/2016 13:10:53,12/19/2016 13:10:53,כספומט 10989,מזומן
82,12/19/2016 13:10:53,12/19/2016 13:10:53,PRECIOUS,ביגוד והנעלה
83,12/19/2016 13:10:53,12/19/2016 13:10:53,כספומט 10813 (י),בית וגן
85,12/19/2016 13:10:53,12/19/2016 13:10:53,קנטינה,בילוי ומסעדות
86,12/19/2016 13:10:53,12/19/2016 13:10:53,ovivarerifo  ,יופי ואביזרי אופנה
87,12/19/2016 13:10:53,12/19/2016 13:10:53,צפרה,בילוי ומסעדות
88,12/19/2016 13:10:53,12/19/2016 13:10:53,סופר פארם דיזנגוף סנ,בריאות
89,12/19/2016 13:10:53,12/19/2016 13:10:53,זארה עזריאלי,ביגוד והנעלה
90,12/19/2016 13:10:53,12/19/2016 13:10:53,"הוצאת עתון הארץ בע""מ",תרבות ופנאי
91,12/19/2016 13:10:53,12/19/2016 13:10:53,חשבון לשרותי סלקום  ,מיסים ותשלומים
93,12/19/2016 13:10:53,12/19/2016 13:10:53,ברימאג דיגיטל אייג'-  ,מוצרי חשמל ותקשורת
94,12/19/2016 13:10:53,12/19/2016 13:10:53,פרופ' ארויןוייס מרפא,בריאות
95,12/19/2016 13:10:53,12/19/2016 13:10:53,מוסך הדקלים,רכב ותחבורה
96,12/19/2016 13:10:53,12/19/2016 13:10:53,NAILS,יופי ואביזרי אופנה
97,12/19/2016 13:10:53,12/19/2016 13:10:53,סופר פארם קסטל תל אב,בריאות
98,12/19/2016 13:10:53,12/19/2016 13:10:53,"אייס- סינרמה ת""א",בית וגן
99,12/19/2016 13:10:53,12/19/2016 13:10:53,טיב טעם רשתות דיזנגו,מזון ומשקאות
100,12/19/2016 13:10:53,12/19/2016 13:10:53,סופר פארם ביג פולג,בריאות
101,12/19/2016 13:10:53,12/19/2016 13:10:53,לימוזין בשר נטו,מזון ומשקאות
102,12/19/2016 13:10:53,12/19/2016 13:10:53,"גט טקסי בע""מ  ",רכב ותחבורה
103,12/19/2016 13:10:53,12/19/2016 13:10:53,"גאדגט מובייל בע""מ אב",מוצרי חשמל ותקשורת
104,12/19/2016 13:10:53,12/19/2016 13:10:53,אייבורי מחשבים  ,מוצרי חשמל ותקשורת
105,12/19/2016 13:10:53,12/19/2016 13:10:53,הלוואה,הלוואה
106,12/19/2016 13:10:53,12/19/2016 13:10:53,אלף אלף,ביגוד והנעלה
107,12/19/2016 13:10:53,12/19/2016 13:10:53,אי.אם.פי.אם בוגרשוב  ,מזון ומשקאות
108,12/19/2016 13:10:53,12/19/2016 13:10:53,‏אי.אם.פי.אם בוגרשוב,מזון ומשקאות
110,12/19/2016 13:10:53,12/19/2016 13:10:53,שילה- בר מסעדה,בילוי ומסעדות
111,12/19/2016 13:10:53,12/19/2016 13:10:53,שרותי בריאות כללית  ,בריאות
112,12/19/2016 13:10:53,12/19/2016 13:10:53,קפה קסטל,בילוי ומסעדות
113,12/19/2016 13:10:53,12/19/2016 13:10:53,נספרסו ישראל -אינטרנ,מזון ומשקאות
114,12/19/2016 13:10:53,12/19/2016 13:10:53,"אוליברי בע""מ",בילוי ומסעדות
116,12/19/2016 13:10:53,12/19/2016 13:10:53,"מאצ' ריטייל בע""מ H -",ביגוד והנעלה
117,12/19/2016 13:10:53,12/19/2016 13:10:53,אחוזת החוף- חניון מד,רכב ותחבורה
118,12/19/2016 13:10:53,12/19/2016 13:10:53,HAUTE-NENDAZ ~COOP-3,נופש
119,12/19/2016 13:10:53,12/19/2016 13:10:53,אמפוריום הרודס אילת,ביגוד והנעלה
120,12/19/2016 13:10:53,12/19/2016 13:10:53,מון-סוזט,בילוי ומסעדות
121,12/19/2016 13:10:53,12/19/2016 13:10:53,ת.דלק מחלף זכרון יעק,בילוי ומסעדות
123,12/19/2016 13:10:53,12/19/2016 13:10:53,בנק-קט 12609,בית וגן
124,12/19/2016 13:10:53,12/19/2016 13:10:53,‏מגה בעיר כיכר דיזנגו,מזון ומשקאות
125,12/19/2016 13:10:53,12/19/2016 13:10:53,פז YELLOW רונית -,רכב ותחבורה
126,12/19/2016 13:10:53,12/19/2016 13:10:53,גוצ'ה דיזינגוף,בילוי ומסעדות
127,12/19/2016 13:10:53,12/19/2016 13:10:53,DICTOR  ,ביגוד והנעלה
128,12/19/2016 13:10:53,12/19/2016 13:10:53,פז YELLOW חופית -,רכב ותחבורה
129,12/19/2016 13:10:53,12/19/2016 13:10:53,נדב קינוחים,בילוי ומסעדות
130,12/19/2016 13:10:53,12/19/2016 13:10:53,TAIZU,בילוי ומסעדות
131,12/19/2016 13:10:53,12/19/2016 13:10:53,RUSTICO BAZEL,בילוי ומסעדות
132,12/19/2016 13:10:53,12/19/2016 13:10:53,סונול רמת ישי,רכב ותחבורה
133,12/19/2016 13:10:53,12/19/2016 13:10:53,הפיצה  ,בילוי ומסעדות
134,12/19/2016 13:10:53,12/19/2016 13:10:53,המינגווי,בילוי ומסעדות
135,12/19/2016 13:10:53,12/19/2016 13:10:53,DEITINGEN ~AUTOBA,נופש
136,12/19/2016 13:10:53,12/19/2016 13:10:53,אלף אלף אופנת נשים,ביגוד והנעלה
137,12/19/2016 13:10:53,12/19/2016 13:10:53,"‏גט טקסי בע""מ",רכב ותחבורה
138,12/19/2016 13:10:53,12/19/2016 13:10:53,משיכה מבנקט,מזומן
139,12/19/2016 13:10:53,12/19/2016 13:10:53,מזומן,מזומן
140,12/19/2016 13:10:53,12/19/2016 13:10:53,‏מגדל סונול,רכב ותחבורה
141,12/19/2016 13:10:53,12/19/2016 13:10:53,חב הר חרמון בעמ,נופש
142,12/19/2016 13:10:53,12/19/2016 13:10:53,מסימו דוטי,ביגוד והנעלה
144,12/19/2016 13:10:53,12/19/2016 13:10:53,‏DICTOR,ביגוד והנעלה
145,12/19/2016 13:10:53,12/19/2016 13:10:53,קופי בר,בילוי ומסעדות
146,12/19/2016 13:10:53,12/19/2016 13:10:53,איי או אינסייד אאוט,ביגוד והנעלה
147,12/19/2016 13:10:53,12/19/2016 13:10:53,‏זארה - קניון דיזנגוף,ביגוד והנעלה
148,12/19/2016 13:10:53,12/19/2016 13:10:53,עמלת ערבויות,שירותי בנקאות
149,12/19/2016 13:10:53,12/19/2016 13:10:53,מוסך הדקלים  ,רכב ותחבורה
150,12/19/2016 13:10:53,12/19/2016 13:10:53,ת.דלק מחלף זכרון יעק  ,רכב ותחבורה
151,12/19/2016 13:10:53,12/19/2016 13:10:53,BREAD STORY,בילוי ומסעדות
152,12/19/2016 13:10:53,12/19/2016 13:10:53,המחבוא של אדי,בילוי ומסעדות
153,12/19/2016 13:10:53,12/19/2016 13:10:53,זארה - קניון רמת אבי,ביגוד והנעלה
154,12/19/2016 13:10:53,12/19/2016 13:10:53,AMAZON MKTPLACE PMTS,ביגוד והנעלה
156,12/19/2016 13:10:53,12/19/2016 13:10:53,טיב טעם רשתות בן גור,מזון ומשקאות
157,12/19/2016 13:10:53,12/19/2016 13:10:53,ק ב מרקט בעמ,מזון ומשקאות
158,12/19/2016 13:10:53,12/19/2016 13:10:53,רוטשילד 12,בילוי ומסעדות
159,12/19/2016 13:10:53,12/19/2016 13:10:53,B בזק תשלום מזדמן,מיסים ותשלומים
160,12/19/2016 13:10:53,12/19/2016 13:10:53,פוקס דיזינגוף סנטר נ,מתנות ומזכרות
161,12/19/2016 13:10:53,12/19/2016 13:10:53,"‏דרום אמריקה בע""מ",מזון ומשקאות
162,12/19/2016 13:10:53,12/19/2016 13:10:53,"אייקר עדשות בע""מ",בריאות
163,12/19/2016 13:10:53,12/19/2016 13:10:53,גולדי,ביגוד והנעלה
165,12/19/2016 13:10:53,12/19/2016 13:10:53,כספומט 10989 (י),מזומן
166,12/19/2016 13:10:53,12/19/2016 13:10:53,מוסך איתן,רכב ותחבורה
167,12/19/2016 13:10:53,12/19/2016 13:10:53,HAUTE-NENDAZ ~RESTAU,נופש
168,12/19/2016 13:10:53,12/19/2016 13:10:53,PAYPAL *MEGAONLINE,מזון ומשקאות
169,12/19/2016 13:10:53,12/19/2016 13:10:53,מסעדת שגב אקספרס,בילוי ומסעדות
170,12/19/2016 13:10:53,12/19/2016 13:10:53,בינדלה,בילוי ומסעדות
171,12/19/2016 13:10:53,12/19/2016 13:10:53,בנק-קט 12511 (י),מזומן
172,12/19/2016 13:10:53,12/19/2016 13:10:53,"בזק בינלאומי בע""מ",מוצרי חשמל ותקשורת
174,12/19/2016 13:10:53,12/19/2016 13:10:53,דן אטינגר מוצרי אמבט,בית וגן
175,12/19/2016 13:10:53,12/19/2016 13:10:53,פרונטו-אופרה איטליאנ,בילוי ומסעדות
176,12/19/2016 13:10:53,12/19/2016 13:10:53,מגה לב דיזנגוף,מזון ומשקאות
178,12/19/2016 13:10:53,12/19/2016 13:10:53,‏שרותי בריאות כללית,בריאות
179,12/19/2016 13:10:53,12/19/2016 13:10:53,איי/או אינסייד אאוט,ביגוד והנעלה
180,12/19/2016 13:10:53,12/19/2016 13:10:53,האחים,בילוי ומסעדות
182,12/19/2016 13:10:53,12/19/2016 13:10:53,סושי בר יין,בילוי ומסעדות
183,12/19/2016 13:10:53,12/19/2016 13:10:53,ג'ירף נודל בר - אילת,בילוי ומסעדות
184,12/19/2016 13:10:53,12/19/2016 13:10:53,020050969  ,נופש
185,12/19/2016 13:10:53,12/19/2016 13:10:53,"עיריית תל אביב-יפו,א  ",מיסים ותשלומים
186,12/19/2016 13:10:53,12/19/2016 13:10:53,שילב פולג,מתנות ומזכרות
187,12/19/2016 13:10:53,12/19/2016 13:10:53,הילינקה,בילוי ומסעדות
188,12/19/2016 13:10:53,12/19/2016 13:10:53,מרקט ניקול  ,מזון ומשקאות
189,12/19/2016 13:10:53,12/19/2016 13:10:53,"אמגזית פ.ק. בע""מ ת""א",בית וגן
190,12/19/2016 13:10:53,12/19/2016 13:10:53,טיב טעם רשתות נתניה,מזון ומשקאות
191,12/19/2016 13:10:53,12/19/2016 13:10:53,‏מסעדת פיצרוי,בילוי ומסעדות
192,12/19/2016 13:10:53,12/19/2016 13:10:53,מרכז בריאות האישה,בריאות
193,12/19/2016 13:10:53,12/19/2016 13:10:53,‏מגה ספורט דיזנגוף,ביגוד והנעלה
194,12/19/2016 13:10:53,12/19/2016 13:10:53,אירוקה-אופטיקה עזריא,ביגוד והנעלה
195,12/19/2016 13:10:53,12/19/2016 13:10:53,רשות השידור הגבייה,מיסים ותשלומים
196,12/19/2016 13:10:53,12/19/2016 13:10:53,OLIVE THOMAS,ביגוד והנעלה
197,12/19/2016 13:10:53,12/19/2016 13:10:53,בייקרי וייצמן,בילוי ומסעדות
198,12/19/2016 13:10:53,12/19/2016 13:10:53,הום סנטרס דיזינגוף,בית וגן
199,12/19/2016 13:10:53,12/19/2016 13:10:53,דרייב סטור,בילוי ומסעדות
202,12/19/2016 13:10:53,12/19/2016 13:10:53,‏סופר פארם דיזנגוף סנ,בריאות
203,12/19/2016 13:10:53,12/19/2016 13:10:53,פז YELLOW הירק -,רכב ותחבורה
204,12/19/2016 13:10:53,12/19/2016 13:10:53,CAR 2 GO,רכב ותחבורה
205,12/19/2016 13:10:53,12/19/2016 13:10:53,נספרסו ישראל ככר המד,מזון ומשקאות
206,12/19/2016 13:10:53,12/19/2016 13:10:53,וניליק תל אביב שיווק,בילוי ומסעדות
207,12/19/2016 13:10:53,12/19/2016 13:10:53,גוי שוק נמל יפו,בילוי ומסעדות
208,12/19/2016 13:10:53,12/19/2016 13:10:53,באג דיונון תל אביב,חינוך ומשפחה
209,12/19/2016 13:10:53,12/19/2016 13:10:53,תחנת דלק גלילות,רכב ותחבורה
210,12/19/2016 13:10:53,12/19/2016 13:10:53,מי אביבים חיוב תקופת,מיסים ותשלומים
211,12/19/2016 13:10:53,12/19/2016 13:10:53,‏טופטופ דיזנגוף,ביגוד והנעלה
212,12/19/2016 13:10:53,12/19/2016 13:10:53,35314369001 ~PAYPAL,מוצרי חשמל ותקשורת
213,12/19/2016 13:10:53,12/19/2016 13:10:53,סופר- פארם כיכר דיזנ,בריאות
214,12/19/2016 13:10:53,12/19/2016 13:10:53,"שר המשקאות בע""מ",מתנות ומזכרות
215,12/19/2016 13:10:53,12/19/2016 13:10:53,פז YELLOW שואבה,בילוי ומסעדות
217,12/19/2016 13:10:53,12/19/2016 13:10:53,עדי ביוטי סטודיו- בז,יופי ואביזרי אופנה
218,12/19/2016 13:10:53,12/19/2016 13:10:53,הום סנטר יגאל אלון,בית וגן
219,12/19/2016 13:10:53,12/19/2016 13:10:53,"ג ב מותגים בע""מ",ביגוד והנעלה
220,12/19/2016 13:10:53,12/19/2016 13:10:53,מון סושי בר,בילוי ומסעדות
221,12/19/2016 13:10:53,12/19/2016 13:10:53,בוטיק יין,בילוי ומסעדות
222,12/19/2016 13:10:53,12/19/2016 13:10:53,‏דור - שימרון,רכב ותחבורה
223,12/19/2016 13:10:53,12/19/2016 13:10:53,מסעדת יפו תל אביב,בילוי ומסעדות
224,12/19/2016 13:10:53,12/19/2016 13:10:53,מנגו דיזנגוף סנטר,ביגוד והנעלה
225,12/19/2016 13:10:53,12/19/2016 13:10:53,"קסטרו מודל בע""מ",ביגוד והנעלה
226,12/19/2016 13:10:53,12/19/2016 13:10:53,PAYPAL *NKATAFUCHI,מוצרי חשמל ותקשורת
227,12/19/2016 13:10:53,12/19/2016 13:10:53,אלון חוצה ישראל מגל,רכב ותחבורה
228,12/19/2016 13:10:53,12/19/2016 13:10:53,נתח בשר,מזון ומשקאות
229,12/19/2016 13:10:53,12/19/2016 13:10:53,דלק קמעונאות בת שלמ,רכב ותחבורה
230,12/19/2016 13:10:53,12/19/2016 13:10:53,פז YELLOW נורדיה,בילוי ומסעדות
232,12/19/2016 13:10:53,12/19/2016 13:10:53,צפון אברקסס,בילוי ומסעדות
233,12/19/2016 13:10:53,12/19/2016 13:10:53,"דלק ח.י היובל בע""מ  ",רכב ותחבורה
234,12/19/2016 13:10:53,12/19/2016 13:10:53,‏ת.דלק מחלף זכרון יעק,רכב ותחבורה
235,12/19/2016 13:10:53,12/19/2016 13:10:53,משוושה,בילוי ומסעדות
237,12/19/2016 13:10:53,12/19/2016 13:10:53,NAILS  ,יופי ואביזרי אופנה
238,12/19/2016 13:10:53,12/19/2016 13:10:53,ג'יימס ריצ'רדסון-טרמ,מתנות ומזכרות
239,12/19/2016 13:10:53,12/19/2016 13:10:53,סופר-פארם רמת ישי,בריאות
240,12/19/2016 13:10:53,12/19/2016 13:10:53,קפה נחמה,בילוי ומסעדות
241,12/19/2016 13:10:53,12/19/2016 13:10:53,דור אלון אור זכרון,רכב ותחבורה
242,12/19/2016 13:10:53,12/19/2016 13:10:53,AWS.AMAZON.CO~AMAZON,מוצרי חשמל ותקשורת
243,12/19/2016 13:10:53,12/19/2016 13:10:53,פרופ' ארויןוייס מרפא  ,בריאות
244,12/19/2016 13:10:53,12/19/2016 13:10:53,סונולהחוף  ,רכב ותחבורה
245,12/19/2016 13:10:53,12/19/2016 13:10:53,משרד הפנים תל-אביב  ,מיסים ותשלומים
246,12/19/2016 13:10:53,12/19/2016 13:10:53,המרכז לצרכי מספרה בע,יופי ואביזרי אופנה
247,12/19/2016 13:10:53,12/19/2016 13:10:53,‏מי אביבים חיוב תקופת,מיסים ותשלומים
248,12/19/2016 13:10:53,12/19/2016 13:10:53,ל לי פופ,בילוי ומסעדות
250,12/19/2016 13:10:53,12/19/2016 13:10:53,‏BEER GARDEN,בילוי ומסעדות
251,12/19/2016 13:10:53,12/19/2016 13:10:53,LA FOOD AND WINE BAR,בילוי ומסעדות
252,12/19/2016 13:10:53,12/19/2016 13:10:53,GOOGLE.COM/CH~GOOGLE,מוצרי חשמל ותקשורת
253,12/19/2016 13:10:53,12/19/2016 13:10:53,‏סונולהחוף,רכב ותחבורה
254,12/19/2016 13:10:53,12/19/2016 13:10:53,טיב טעם קריות,מזון ומשקאות
255,12/19/2016 13:10:53,12/19/2016 13:10:53,NENDAZ ~PREMIE,נופש
256,12/19/2016 13:10:53,12/19/2016 13:10:53,סטודיו עדי,יופי ואביזרי אופנה
257,12/19/2016 13:10:53,12/19/2016 13:10:53,‏רולדין דזינגוף,מזון ומשקאות
258,12/19/2016 13:10:53,12/19/2016 13:10:53,"באג מולטיסיסטם בע""מ",מוצרי חשמל ותקשורת
259,12/19/2016 13:10:53,12/19/2016 13:10:53,בודי שופ דיזינגוף סנ,יופי ואביזרי אופנה
260,12/19/2016 13:10:53,12/19/2016 13:10:53,ויטרינה,בילוי ומסעדות
261,12/19/2016 13:10:53,12/19/2016 13:10:53,BEER GARDEN,בילוי ומסעדות
262,12/19/2016 13:10:53,12/19/2016 13:10:53,סיפו מאכלי ים,בילוי ומסעדות
263,12/19/2016 13:10:53,12/19/2016 13:10:53,גוצ'ה רמת החייל,בילוי ומסעדות
264,12/19/2016 13:10:53,12/19/2016 13:10:53,RUSTICO,בילוי ומסעדות
265,12/19/2016 13:10:53,12/19/2016 13:10:53,בראסרי אבן גבירול,בילוי ומסעדות
266,12/19/2016 13:10:53,12/19/2016 13:10:53,פז YELLOW יריד מזרח,רכב ותחבורה
267,12/19/2016 13:10:53,12/19/2016 13:10:53,ריבית,שירותי בנקאות
268,12/19/2016 13:10:53,12/19/2016 13:10:53,העברה באינטרנט (י),מתנות ומזכרות
269,12/19/2016 13:10:53,12/19/2016 13:10:53,"הודיס בע""מ",ביגוד והנעלה
270,12/19/2016 13:10:53,12/19/2016 13:10:53,נספרסו- מרכז שירות ט,מוצרי חשמל ותקשורת
271,12/19/2016 13:10:53,12/19/2016 13:10:53,דיו סנטר בעמ,בית וגן
272,12/19/2016 13:10:53,12/19/2016 13:10:53,‏B בזק הוראת קבע,מיסים ותשלומים
273,12/19/2016 13:10:53,12/19/2016 13:10:53,"בתי קולנוע לב ת""א",תרבות ופנאי
274,12/19/2016 13:10:53,12/19/2016 13:10:53,TיHAUTE-NENDAZ ~MARI,נופש
275,12/19/2016 13:10:53,12/19/2016 13:10:53,"אל וסינו בע""מ",בילוי ומסעדות
276,12/19/2016 13:10:53,12/19/2016 13:10:53,בלייזר ידיעות,תרבות ופנאי
277,12/19/2016 13:10:53,12/19/2016 13:10:53,מזנון,בילוי ומסעדות
278,12/19/2016 13:10:53,12/19/2016 13:10:53,"מכולת אופנה בע""מ",ביגוד והנעלה
279,12/19/2016 13:10:53,12/19/2016 13:10:53,רבית  ,שירותי בנקאות
280,12/19/2016 13:10:53,12/19/2016 13:10:53,טפאו הרצליה,בילוי ומסעדות
281,12/19/2016 13:10:53,12/19/2016 13:10:53,"ד""ר משה ביאלר רופא ש",בריאות
282,12/19/2016 13:10:53,12/19/2016 13:10:53,"ד""ר משה ביאלר רופא ש  ",בריאות
283,12/19/2016 13:10:53,12/19/2016 13:10:53,טופ שופ רמת אביב,ביגוד והנעלה
284,12/19/2016 13:10:53,12/19/2016 13:10:53,טיב טעם רשתות אבן ג,מזון ומשקאות
285,12/19/2016 13:10:53,12/19/2016 13:10:53,היפרטוי,מתנות ומזכרות
286,12/19/2016 13:10:53,12/19/2016 13:10:53,גולף קידס דיזינגוף ס,מתנות ומזכרות
287,12/19/2016 13:10:53,12/19/2016 13:10:53,דומינוס פיצה,בילוי ומסעדות
288,12/19/2016 13:10:53,12/19/2016 13:10:53,קסטרו רמת אביב,ביגוד והנעלה
289,12/19/2016 13:10:53,12/19/2016 13:10:53,‏נספרסו ישראל -אינטרנ,מזון ומשקאות
290,12/19/2016 13:10:53,12/19/2016 13:10:53,"סמארטביז בע""מ",חינוך ומשפחה
291,12/19/2016 13:10:53,12/19/2016 13:10:53,"כולה לנשים בלבד בע""מ",מתנות ומזכרות
292,12/19/2016 13:10:53,12/19/2016 13:10:53,‏NAILS,יופי ואביזרי אופנה
293,12/19/2016 13:10:53,12/19/2016 13:10:53,"נעה שיווק פרו בע""מ",יופי ואביזרי אופנה
294,12/19/2016 13:10:53,12/19/2016 13:10:53,אופנת M F,ביגוד והנעלה
295,12/19/2016 13:10:53,12/19/2016 13:10:53,לה מולאן,בילוי ומסעדות
296,12/19/2016 13:10:53,12/19/2016 13:10:53,אינטרנט ק.פון דיזנגו,תרבות ופנאי
297,12/19/2016 13:10:53,12/19/2016 13:10:53,לה שוק  ,בילוי ומסעדות
298,12/19/2016 13:10:53,12/19/2016 13:10:53,בריסרי אבן גבירול,בילוי ומסעדות
299,12/19/2016 13:10:53,12/19/2016 13:10:53,‏ארטיק ביץ,בילוי ומסעדות
300,12/19/2016 13:10:53,12/19/2016 13:10:53,‏סופר פארם ביג פולג,בריאות
301,12/19/2016 13:10:53,12/19/2016 13:10:53,כספומט 10807 (י),מזומן
302,12/19/2016 13:10:53,12/19/2016 13:10:53,כספון דיזנגוף תא 20053,מזומן
303,12/19/2016 13:10:53,12/19/2016 13:10:53,כספומט 11526,מזומן
304,12/19/2016 13:10:53,12/19/2016 13:10:53,כספומט 10809,מזומן
305,12/19/2016 13:10:53,12/19/2016 13:10:53,בנק-קט 12510,מזומן
306,12/19/2016 13:10:53,12/19/2016 13:10:53,מרשה- דיזינגוף סנטר,ביגוד והנעלה
307,12/19/2016 13:10:53,12/19/2016 13:10:53,שופרסל שלי נורדאו,מזון ומשקאות
308,12/19/2016 13:10:53,12/19/2016 13:10:53,מגה ספורט עזריאלי,מתנות ומזכרות
309,12/19/2016 13:10:53,12/19/2016 13:10:53,"שרונה בירגארדן בע""מ",בילוי ומסעדות
310,12/19/2016 13:10:53,12/19/2016 13:10:53,LEIA LONDON,ביגוד והנעלה
311,12/19/2016 13:10:53,12/19/2016 13:10:53,מפתח המאסטר,בית וגן
312,12/19/2016 13:10:53,12/19/2016 13:10:53,טאפאו  ,בילוי ומסעדות
313,12/19/2016 13:10:53,12/19/2016 13:10:53,ק ב מרקט בעמ  ,מזון ומשקאות
314,12/19/2016 13:10:53,12/19/2016 13:10:53,אוליב בוגרשוב,בילוי ומסעדות
316,12/19/2016 13:10:53,12/19/2016 13:10:53,"ארקפה נתב""ג",בילוי ומסעדות
318,12/19/2016 13:10:53,12/19/2016 13:10:53,‏רובי בר,בילוי ומסעדות
319,12/19/2016 13:10:53,12/19/2016 13:10:53,קיי.אס.פי מירי תל אב,מוצרי חשמל ותקשורת
320,12/19/2016 13:10:53,12/19/2016 13:10:53,BUY2,מוצרי חשמל ותקשורת
321,12/19/2016 13:10:53,12/19/2016 13:10:53,CHECK BOX BUY2USA,יופי ואביזרי אופנה
322,12/19/2016 13:10:53,12/19/2016 13:10:53,"הקצביה בע""מ",מזון ומשקאות
323,12/19/2016 13:10:53,12/19/2016 13:10:53,"‏הודיס בע""מ",ביגוד והנעלה
324,12/19/2016 13:10:53,12/19/2016 13:10:53,PAYPAL *CHECKBOX,ביגוד והנעלה
326,12/19/2016 13:10:53,12/19/2016 13:10:53,מי אביבים חיוב תקופת  ,מיסים ותשלומים
327,12/19/2016 13:10:53,12/19/2016 13:10:53,מגה פון,מוצרי חשמל ותקשורת
328,12/19/2016 13:10:53,12/19/2016 13:10:53,"‏קפה נואר בע""מ",בילוי ומסעדות
329,12/19/2016 13:10:53,12/19/2016 13:10:53,איתמר'ס 24/7,בית וגן
330,12/19/2016 13:10:53,12/19/2016 13:10:53,דרך ארץ-עסקה רגילה,רכב ותחבורה
331,12/19/2016 13:10:53,12/19/2016 13:10:53,"בזק בנלאומי בע""מ",מיסים ותשלומים
332,12/19/2016 13:10:53,12/19/2016 13:10:53,מרכז הצפון,בית וגן
333,12/19/2016 13:10:53,12/19/2016 13:10:53,"בית תאילנדי בע""מ",בילוי ומסעדות
334,12/19/2016 13:10:53,12/19/2016 13:10:53,שמונה לא רק פסטה,בילוי ומסעדות
335,12/19/2016 13:10:53,12/19/2016 13:10:53,"פיצה שיין בע""מ",בילוי ומסעדות
336,12/19/2016 13:10:53,12/19/2016 13:10:53,‏הפיצה,בילוי ומסעדות
337,12/19/2016 13:10:53,12/19/2016 13:10:53,ג'רמיה,בילוי ומסעדות
338,12/19/2016 13:10:53,12/19/2016 13:10:53,"אידלסון 10 בע""מ",בילוי ומסעדות
339,12/19/2016 13:10:53,12/19/2016 13:10:53,מגה בעיר כיכר דיזנגו  ,מזון ומשקאות
340,12/19/2016 13:10:53,12/19/2016 13:10:53,דרך ארץ הוראת קבע,רכב ותחבורה
341,12/19/2016 13:10:53,12/19/2016 13:10:53,קולנוע רב חן דיזנגוף,תרבות ופנאי
342,12/19/2016 13:10:53,12/19/2016 13:10:53,"כללית ת""א-תל נו",בריאות
343,12/19/2016 13:10:53,12/19/2016 13:10:53,PAYPAL *DEALEXTREME,מוצרי חשמל ותקשורת
344,12/19/2016 13:10:53,12/19/2016 13:10:53,‏לרפובליקה די רונימוט,בילוי ומסעדות
345,12/19/2016 13:10:53,12/19/2016 13:10:53,דיזי פרישדון בר,בילוי ומסעדות
346,12/19/2016 13:10:53,12/19/2016 13:10:53,חשמלאי מכונת כביסה,מוצרי חשמל ותקשורת
347,12/19/2016 13:10:53,12/19/2016 13:10:53,PAYPAL *GYYM MWBYYL,מוצרי חשמל ותקשורת
348,12/19/2016 13:10:53,12/19/2016 13:10:53,רכבת השלום תל אביב,רכב ותחבורה
349,12/19/2016 13:10:53,12/19/2016 13:10:53,‏מגנוליה דיזינגוף סנט,יופי ואביזרי אופנה
350,12/19/2016 13:10:53,12/19/2016 13:10:53,VILLENEUVE ~VIS A,נופש
351,12/19/2016 13:10:53,12/19/2016 13:10:53,"מוזס סטיישן בע""מ",בילוי ומסעדות
352,12/19/2016 13:10:53,12/19/2016 13:10:53,סופר פארם ביתן אהרון,בריאות
353,12/19/2016 13:10:53,12/19/2016 13:10:53,מרקטו,מזון ומשקאות
354,12/19/2016 13:10:53,12/19/2016 13:10:53,פרחי חן  ,מתנות ומזכרות
355,12/19/2016 13:10:53,12/19/2016 13:10:53,שאטו שועל,בילוי ומסעדות
356,12/19/2016 13:10:53,12/19/2016 13:10:53,מסעדת מנטה ריי,בילוי ומסעדות
357,12/19/2016 13:10:53,12/19/2016 13:10:53,פול אנד בר - דיזנגוף,ביגוד והנעלה
358,12/19/2016 13:10:53,12/19/2016 13:10:53,פול אנד בר - דיזנגוף  ,ביגוד והנעלה
359,12/19/2016 13:10:53,12/19/2016 13:10:53,‏קופי טיים,בילוי ומסעדות
361,12/19/2016 13:10:53,12/19/2016 13:10:53,לחם ארטיזן נתניה,בילוי ומסעדות
362,12/19/2016 13:10:53,12/19/2016 13:10:53,בולינט,מתנות ומזכרות
363,12/19/2016 13:10:53,12/19/2016 13:10:53,X RAY,בילוי ומסעדות
364,12/19/2016 13:10:53,12/19/2016 13:10:53,דיקסי גריל בר בעמ,בילוי ומסעדות
365,12/19/2016 13:10:53,12/19/2016 13:10:53,PAYPAL *KITCHENSMOR,בית וגן
366,12/19/2016 13:10:53,12/19/2016 13:10:53,פורט סעיד  ,בילוי ומסעדות
367,12/19/2016 13:10:53,12/19/2016 13:10:53,"כללית ת""א-תל נורדאו",בריאות
368,12/19/2016 13:10:53,12/19/2016 13:10:53,לופה אלבומי תמונות  ,תרבות ופנאי
369,12/19/2016 13:10:53,12/19/2016 13:10:53,מגה ספורט דיזנגוף  ,ביגוד והנעלה
370,12/19/2016 13:10:53,12/19/2016 13:10:53,"בודי שופ עזריאלי ת""א",יופי ואביזרי אופנה
371,12/19/2016 13:10:53,12/19/2016 13:10:53,בוטיק דינו,מתנות ומזכרות
372,12/19/2016 13:10:53,12/19/2016 13:10:53,מלכי ישראל  ,בילוי ומסעדות
373,12/19/2016 13:10:53,12/19/2016 13:10:53,"קסטרו מן ת""א  ",ביגוד והנעלה
374,12/19/2016 13:10:53,12/19/2016 13:10:53,"נירלט בע""מ",בית וגן
375,12/19/2016 13:10:53,12/19/2016 13:10:53,‏הילינקה,בילוי ומסעדות
376,12/19/2016 13:10:53,12/19/2016 13:10:53,"6 במאי בע""מ",בילוי ומסעדות
377,12/19/2016 13:10:53,12/19/2016 13:10:53,טיב טעם רשתות בן יהו,מזון ומשקאות
378,12/19/2016 13:10:53,12/19/2016 13:10:53,‏דלק מנטה חצור הגלילי,מזון ומשקאות
379,12/19/2016 13:10:53,12/19/2016 13:10:53,שושה,בילוי ומסעדות
380,12/19/2016 13:10:53,12/19/2016 13:10:53,PORTER AND SONS,בילוי ומסעדות
381,12/19/2016 13:10:53,12/19/2016 13:10:53,ברקשה גוטקס,ביגוד והנעלה
382,12/19/2016 13:10:53,12/19/2016 13:10:53,ZAPPA GOLDSTAR אמפי,בילוי ומסעדות
383,12/19/2016 13:10:53,12/19/2016 13:10:53,קפה בר הבימה  ,בילוי ומסעדות
384,12/19/2016 13:10:53,12/19/2016 13:10:53,‏ק ב מרקט בעמ,מזון ומשקאות
385,12/19/2016 13:10:53,12/19/2016 13:10:53,שרותי בריאות כל,בריאות
386,12/19/2016 13:10:53,12/19/2016 13:10:53,PAYPAL *REARTHUSA,מוצרי חשמל ותקשורת
387,12/19/2016 13:10:53,12/19/2016 13:10:53,"בית קופי פרינט בע""מ",חינוך ומשפחה
388,12/19/2016 13:10:53,12/19/2016 13:10:53,בהצדעה,נופש
389,12/19/2016 13:10:53,12/19/2016 13:10:53,לינדו תל אביב,יופי ואביזרי אופנה
390,12/19/2016 13:10:53,12/19/2016 13:10:53,הום סנטרס דיזינגוף  ,בית וגן
391,12/19/2016 13:10:53,12/19/2016 13:10:53,פוקצ'ה,בילוי ומסעדות
392,12/19/2016 13:10:53,12/19/2016 13:10:53,PAYPAL *DEALEXTREME  ,מוצרי חשמל ותקשורת
393,12/19/2016 13:10:53,12/19/2016 13:10:53,PAYPAL *MICROSOFTLU,מוצרי חשמל ותקשורת
394,12/19/2016 13:10:53,12/19/2016 13:10:53,אינטרנט ק.פון יס פלנ,תרבות ופנאי
395,12/19/2016 13:10:53,12/19/2016 13:10:53,עד העצם אקספרס,בילוי ומסעדות
396,12/19/2016 13:10:53,12/19/2016 13:10:53,"בית מרקחת הכיכר בע""מ",בריאות
397,12/19/2016 13:10:53,12/19/2016 13:10:53,GOOGLE *MUSIC,מוצרי חשמל ותקשורת
398,12/19/2016 13:10:53,12/19/2016 13:10:53,מלכי ישראל,בילוי ומסעדות
399,12/19/2016 13:10:53,12/19/2016 13:10:53,"שב""א 59460 (י)",מזומן
400,12/19/2016 13:10:53,12/19/2016 13:10:53,‏מגה בעיר יהודה המכבי,מזון ומשקאות
401,12/19/2016 13:10:53,12/19/2016 13:10:53,חומוס אבו אדהם,בילוי ומסעדות
402,12/19/2016 13:10:53,12/19/2016 13:10:53,מקדונלדס-עין יהב,בילוי ומסעדות
403,12/19/2016 13:10:53,12/19/2016 13:10:53,‏אדלה,בילוי ומסעדות
404,12/19/2016 13:10:53,12/19/2016 13:10:53,כספומט 11088 (י),מזומן
405,12/19/2016 13:10:53,12/19/2016 13:10:53,"עיריית ת""א - יפו חני  ",רכב ותחבורה
406,12/19/2016 13:10:53,12/19/2016 13:10:53,"עיריית ת""א - יפו חני",מיסים ותשלומים
407,12/19/2016 13:10:53,12/19/2016 13:10:53,סנפומט 31503 (י),מזומן
408,12/19/2016 13:10:53,12/19/2016 13:10:53,‏ארתור - יינות משקאות,מתנות ומזכרות
409,12/19/2016 13:10:53,12/19/2016 13:10:53,המינגווי  ,בילוי ומסעדות
410,12/19/2016 13:10:53,12/19/2016 13:10:53,"א.ר. צאקרה בע""מ",בילוי ומסעדות
411,12/19/2016 13:10:53,12/19/2016 13:10:53,בנק-קט 12689 (י),מזומן
412,12/19/2016 13:10:53,12/19/2016 13:10:53,‏גולף קידס דיזינגוף ס,מתנות ומזכרות
413,12/19/2016 13:10:53,12/19/2016 13:10:53,‏אמריקן איגל דיזנגוף,ביגוד והנעלה
414,12/19/2016 13:10:53,12/19/2016 13:10:53,"א.בקל בע""מ",חינוך ומשפחה
415,12/19/2016 13:10:53,12/19/2016 13:10:53,מנטינה,בילוי ומסעדות
416,12/19/2016 13:10:53,12/19/2016 13:10:53,קפה סוזאנה,בילוי ומסעדות
417,12/19/2016 13:10:53,12/19/2016 13:10:53,סרבסה,בילוי ומסעדות
418,12/19/2016 13:10:53,12/19/2016 13:10:53,מסעדת ברטי  ,בילוי ומסעדות
419,12/19/2016 13:10:53,12/19/2016 13:10:53,גלידריה סיציליאנית,בילוי ומסעדות
420,12/19/2016 13:10:53,12/19/2016 13:10:53,שאטו שועל  ,בילוי ומסעדות
421,12/19/2016 13:10:53,12/19/2016 13:10:53,צומת ספרים ספריה,מתנות ומזכרות
422,12/19/2016 13:10:53,12/19/2016 13:10:53,אחוזת החוף- חניון מד  ,רכב ותחבורה
423,12/19/2016 13:10:53,12/19/2016 13:10:53,סופר פארם איכילוב  ,בריאות
424,12/19/2016 13:10:53,12/19/2016 13:10:53,סופר מפתח,בית וגן
425,12/19/2016 13:10:53,12/19/2016 13:10:53,"פפוש בע""מ",מזון ומשקאות
426,12/19/2016 13:10:53,12/19/2016 13:10:53,‏קופי בר,בילוי ומסעדות
427,12/19/2016 13:10:53,12/19/2016 13:10:53,‏משוושה,בילוי ומסעדות
428,12/19/2016 13:10:53,12/19/2016 13:10:53,"הוצאת עתון הארץ בע""מ  ",תרבות ופנאי
429,12/19/2016 13:10:53,12/19/2016 13:10:53,"‏הוצאת עתון הארץ בע""מ",תרבות ופנאי
430,12/19/2016 13:10:53,12/19/2016 13:10:53,THYON-LES COL~RESTAU,נופש
431,12/19/2016 13:10:53,12/19/2016 13:10:53,קופי טיים בעמ  ,בילוי ומסעדות
432,12/19/2016 13:10:53,12/19/2016 13:10:53,קופי טיים  ,בילוי ומסעדות
433,12/19/2016 13:10:53,12/19/2016 13:10:53,‏ג'ון דו,בילוי ומסעדות
434,12/19/2016 13:10:53,12/19/2016 13:10:53,‏אייבורי מחשבים,מוצרי חשמל ותקשורת
435,12/19/2016 13:10:53,12/19/2016 13:10:53,‏ברוגרים רמת גן,בילוי ומסעדות
436,12/19/2016 13:10:53,12/19/2016 13:10:53,קיוסק קקל,בילוי ומסעדות
437,12/19/2016 13:10:53,12/19/2016 13:10:53,פינתי תל אביב,בילוי ומסעדות
438,12/19/2016 13:10:53,12/19/2016 13:10:53,‏מון-סוזט,בילוי ומסעדות
439,12/19/2016 13:10:53,12/19/2016 13:10:53,פוטו נגבה חשמל,מתנות ומזכרות
440,12/19/2016 13:10:53,12/19/2016 13:10:53,דרך ארץ הוראת קבע  ,רכב ותחבורה
441,12/19/2016 13:10:53,12/19/2016 13:10:53,שרותי בריאות כללית-מ,בריאות
442,12/19/2016 13:10:53,12/19/2016 13:10:53,HAUTE-NENDAZ ~PIZZER,נופש
443,12/19/2016 13:10:53,12/19/2016 13:10:53,"בזק בינלאומי בע""מ  ",מיסים ותשלומים
444,12/19/2016 13:10:53,12/19/2016 13:10:53,כלי וחומר,בית וגן
445,12/19/2016 13:10:53,12/19/2016 13:10:53,מנהרות הכרמל-אינטרנט,רכב ותחבורה
446,12/19/2016 13:10:53,12/19/2016 13:10:53,שגיא ומאור,יופי ואביזרי אופנה
447,12/19/2016 13:10:53,12/19/2016 13:10:53,לנדוור בית הקפה,בילוי ומסעדות
448,12/19/2016 13:10:53,12/19/2016 13:10:53,‏דיקסי גריל בר בעמ,בילוי ומסעדות
449,12/19/2016 13:10:53,12/19/2016 13:10:53,HOTEL MONTEFIORE,בילוי ומסעדות
450,12/19/2016 13:10:53,12/19/2016 13:10:53,800-854-7859 ~AMAZON,מוצרי חשמל ותקשורת
451,12/19/2016 13:10:53,12/19/2016 13:10:53,קפה ג'ו-אבן גבירול,בילוי ומסעדות
452,12/19/2016 13:10:53,12/19/2016 13:10:53,זכוי מסיטי בנק דרך(י),משכורת
453,12/19/2016 13:10:53,12/19/2016 13:10:53,גלידרייה סיצילאנית,בילוי ומסעדות
454,12/19/2016 13:10:53,12/19/2016 13:10:53,חמדה עוגות,בילוי ומסעדות
455,12/19/2016 13:10:53,12/19/2016 13:10:53,שושה  ,בילוי ומסעדות
456,12/19/2016 13:10:53,12/19/2016 13:10:53,דלפק שוקולדים דיוטי,מזון ומשקאות
458,12/19/2016 13:10:53,12/19/2016 13:10:53,סינמה סיטי קופות,תרבות ופנאי
459,12/19/2016 13:10:53,12/19/2016 13:10:53,‏סבון של פעם דיזינגוף,מתנות ומזכרות
460,12/19/2016 13:10:53,12/19/2016 13:10:53,פאב מאש,בילוי ומסעדות
461,12/19/2016 13:10:53,12/19/2016 13:10:53,CARPACCIO BAR,בילוי ומסעדות
462,12/19/2016 13:10:53,12/19/2016 13:10:53,‏גוספה,בילוי ומסעדות
463,12/19/2016 13:10:53,12/19/2016 13:10:53,רכבת סבידור תל אביב,רכב ותחבורה
464,12/19/2016 13:10:53,12/19/2016 13:10:53,אוריינט אקספרס  ,חינוך ומשפחה
465,12/19/2016 13:10:53,12/19/2016 13:10:53,‏וולפנייטס שף בורגר,בילוי ומסעדות
466,12/19/2016 13:10:53,12/19/2016 13:10:53,חניון נמל תל אביב,רכב ותחבורה
467,12/19/2016 13:10:53,12/19/2016 13:10:53,מגנוליה,מתנות ומזכרות
468,12/19/2016 13:10:53,12/19/2016 13:10:53,אלברט,בילוי ומסעדות
469,12/19/2016 13:10:53,12/19/2016 13:10:53,פז YELLOW בן צבי,רכב ותחבורה
470,12/19/2016 13:10:53,12/19/2016 13:10:53,קפה גרג מלכת שבא,בילוי ומסעדות
471,12/19/2016 13:10:53,12/19/2016 13:10:53,PAYPAL *SPIGEN INC,מוצרי חשמל ותקשורת
472,12/19/2016 13:10:53,12/19/2016 13:10:53,קולנוע רב חן דיזינגו,תרבות ופנאי
473,12/19/2016 13:10:53,12/19/2016 13:10:53,העברה לאחר-נט  ,מזון ומשקאות
474,12/19/2016 13:10:53,12/19/2016 13:10:53,"א.ל.מ דיוטי פרי בע""מ",מתנות ומזכרות
475,12/19/2016 13:10:53,12/19/2016 13:10:53,בורגר סאלון,מזון ומשקאות
476,12/19/2016 13:10:53,12/19/2016 13:10:53,העברה באינטרנט,נופש
477,12/19/2016 13:10:53,12/19/2016 13:10:53,‏מרכול הדרך,מזון ומשקאות
478,12/19/2016 13:10:53,12/19/2016 13:10:53,"‏בית תאילנדי בע""מ",בילוי ומסעדות
479,12/19/2016 13:10:53,12/19/2016 13:10:53,ע.מפעולות-ישיר,שירותי בנקאות
480,12/19/2016 13:10:53,12/19/2016 13:10:53,פעמית סטור יגאל אלון,בית וגן
481,12/19/2016 13:10:53,12/19/2016 13:10:53,סילון,בילוי ומסעדות
482,12/19/2016 13:10:53,12/19/2016 13:10:53,‏CAR WASH,רכב ותחבורה
483,12/19/2016 13:10:53,12/19/2016 13:10:53,דליקטסן,בילוי ומסעדות
484,12/19/2016 13:10:53,12/19/2016 13:10:53,ביגי זי בר  ,בילוי ומסעדות
485,12/19/2016 13:10:53,12/19/2016 13:10:53,קקאו משפטים  ,בילוי ומסעדות
486,12/19/2016 13:10:53,12/19/2016 13:10:53,שופרסל דיל תל אביב,מזון ומשקאות
487,12/19/2016 13:10:53,12/19/2016 13:10:53,נדב קינוחים  ,בילוי ומסעדות
488,12/19/2016 13:10:53,12/19/2016 13:10:53,קונוס גרופ - אייסברג,בילוי ומסעדות
489,12/19/2016 13:10:53,12/19/2016 13:10:53,התפנוקיה סער בסתיו ש  ,בילוי ומסעדות
490,12/19/2016 13:10:53,12/19/2016 13:10:53,ארקפה-נתניה,בילוי ומסעדות
491,12/19/2016 13:10:53,12/19/2016 13:10:53,קפה לנדוור  ,בילוי ומסעדות
492,12/19/2016 13:10:53,12/19/2016 13:10:53,דגש ציוד משרדי,חינוך ומשפחה
493,12/19/2016 13:10:53,12/19/2016 13:10:53,חניון רוטשילד,רכב ותחבורה
494,12/19/2016 13:10:53,12/19/2016 13:10:53,סנטה קטרינה,מזון ומשקאות
495,12/19/2016 13:10:53,12/19/2016 13:10:53,‏X RAY,בילוי ומסעדות
496,12/19/2016 13:10:53,12/19/2016 13:10:53,KULI ALMA,בילוי ומסעדות
497,12/19/2016 13:10:53,12/19/2016 13:10:53,"קסטרו מן ת""א",ביגוד והנעלה
498,12/19/2016 13:10:53,12/19/2016 13:10:53,‏אמבין דן,בית וגן
499,12/19/2016 13:10:53,12/19/2016 13:10:53,קפה גרג פלאנט ראשון,בילוי ומסעדות
500,12/19/2016 13:10:53,12/19/2016 13:10:53,קפה לנדוור עפולה,בילוי ומסעדות
501,12/19/2016 13:10:53,12/19/2016 13:10:53,ספרות זולה-אגודה,חינוך ומשפחה
502,12/19/2016 13:10:53,12/19/2016 13:10:53,‏דרייב סטור,מזון ומשקאות
503,12/19/2016 13:10:53,12/19/2016 13:10:53,"א.בקל צורכי משרד בע""  ",חינוך ומשפחה
504,12/19/2016 13:10:53,12/19/2016 13:10:53,אי.אם.פי.אם גבעתיים,מזון ומשקאות
505,12/19/2016 13:10:53,12/19/2016 13:10:53,ג'אפניקה נתניה,בילוי ומסעדות
506,12/19/2016 13:10:53,12/19/2016 13:10:53,AMAZON SERVICES-KIND,חינוך ומשפחה
507,12/19/2016 13:10:53,12/19/2016 13:10:53,GOOGLE *GOOGLE STORA  ,מוצרי חשמל ותקשורת
508,12/19/2016 13:10:53,12/19/2016 13:10:53,מעדני מזרע,מזון ומשקאות
509,12/19/2016 13:10:53,12/19/2016 13:10:53,צ'וקה,בילוי ומסעדות
510,12/19/2016 13:10:53,12/19/2016 13:10:53,פורט סעיד,בילוי ומסעדות
511,12/19/2016 13:10:53,12/19/2016 13:10:53,אבו חוסני,בילוי ומסעדות
512,12/19/2016 13:10:53,12/19/2016 13:10:53,אמריקן איגל דיזנגוף,ביגוד והנעלה
513,12/19/2016 13:10:53,12/19/2016 13:10:53,אי אם פי אם אבן גביר,מזון ומשקאות
514,12/19/2016 13:10:53,12/19/2016 13:10:53,סופר פארם אבן גבירול,בריאות
515,12/19/2016 13:10:53,12/19/2016 13:10:53,הסדנא,בילוי ומסעדות
516,12/19/2016 13:10:53,12/19/2016 13:10:53,משוושה  ,בילוי ומסעדות
517,12/19/2016 13:10:53,12/19/2016 13:10:53,"קפה מיכל בע""מ",בילוי ומסעדות
518,12/19/2016 13:10:53,12/19/2016 13:10:53,קפה זוריק,בילוי ומסעדות
519,12/19/2016 13:10:53,12/19/2016 13:10:53,"חניון מגדל המאה בע""מ",רכב ותחבורה
520,12/19/2016 13:10:53,12/19/2016 13:10:53,חניון מגדל המאה,רכב ותחבורה
521,12/19/2016 13:10:53,12/19/2016 13:10:53,ג'ינס אין בעמ,מתנות ומזכרות
522,12/19/2016 13:10:53,12/19/2016 13:10:53,סוהו קולקשן  ,מתנות ומזכרות
523,12/19/2016 13:10:53,12/19/2016 13:10:53,עלית קופי איכלוב מיו,בילוי ומסעדות
524,12/19/2016 13:10:53,12/19/2016 13:10:53,617-783-7500 ~HAR*HA,מוצרי חשמל ותקשורת
526,12/19/2016 13:10:53,12/19/2016 13:10:53,‏לג'נדה רמת ישי,בילוי ומסעדות
527,12/19/2016 13:10:53,12/19/2016 13:10:53,‏קפה בר הבימה,בילוי ומסעדות
528,12/19/2016 13:10:53,12/19/2016 13:10:53,אופיס דיפו  ,חינוך ומשפחה
529,12/19/2016 13:10:53,12/19/2016 13:10:53,אביגאלי מכונות אוטומ,בילוי ומסעדות
530,12/19/2016 13:10:53,12/19/2016 13:10:53,‏WOLFNIGHTS,בילוי ומסעדות
531,12/19/2016 13:10:53,12/19/2016 13:10:53,"שושק בע""ה  ",בילוי ומסעדות
532,12/19/2016 13:10:53,12/19/2016 13:10:53,אי אם פי אם דיזנגוף,מזון ומשקאות
533,12/19/2016 13:10:53,12/19/2016 13:10:53,אר קפה,בילוי ומסעדות
534,12/19/2016 13:10:53,12/19/2016 13:10:53,"מופ""ת מילואים","מופ""ת מילואים"
535,12/19/2016 13:10:53,12/19/2016 13:10:53,תמרה יוגורט,בילוי ומסעדות
536,12/19/2016 13:10:53,12/19/2016 13:10:53,ע.מפעולות-ישיר  ,שירותי בנקאות
537,12/19/2016 13:10:53,12/19/2016 13:10:53,"ג'ירף מסעדות בע""מ",בילוי ומסעדות
538,12/19/2016 13:10:53,12/19/2016 13:10:53,באג דיונון תל אביב  ,מוצרי חשמל ותקשורת
539,12/19/2016 13:10:53,12/19/2016 13:10:53,קיורטוש בוגרשוב,בילוי ומסעדות
540,12/19/2016 13:10:53,12/19/2016 13:10:53,הבלון המתוק,מתנות ומזכרות
541,12/19/2016 13:10:53,12/19/2016 13:10:53,שוורץ שעונים,יופי ואביזרי אופנה
542,12/19/2016 13:10:53,12/19/2016 13:10:53,אחוזת החוף - חניון ב,רכב ותחבורה
543,12/19/2016 13:10:53,12/19/2016 13:10:53,"אינטרנט ק.פון ת""א",תרבות ופנאי
544,12/19/2016 13:10:53,12/19/2016 13:10:53,קיורטוש בוגרשוב  ,בילוי ומסעדות
545,12/19/2016 13:10:53,12/19/2016 13:10:53,רבית  (תאריך ערך01/01),שירותי בנקאות
546,12/19/2016 13:10:53,12/19/2016 13:10:53,רויאל גרדן אילת,בילוי ומסעדות
547,12/19/2016 13:10:53,12/19/2016 13:10:53,קפה לנדוור-רמת ישי,בילוי ומסעדות
548,12/19/2016 13:10:53,12/19/2016 13:10:53,קולנוע רב חן דיזנגוף  ,תרבות ופנאי
549,12/19/2016 13:10:53,12/19/2016 13:10:53,השלמה יס פלנט/רב חן  ,תרבות ופנאי
550,12/19/2016 13:10:53,12/19/2016 13:10:53,ברדו בית קפה ומאפה ב,בילוי ומסעדות
551,12/19/2016 13:10:53,12/19/2016 13:10:53,קפה ג'ו פולג  ,בילוי ומסעדות
552,12/19/2016 13:10:53,12/19/2016 13:10:53,סופר פארם מ.הים אילת,בריאות
553,12/19/2016 13:10:53,12/19/2016 13:10:53,"י.ל ממתקים בע""מ סניף",מזון ומשקאות
554,12/19/2016 13:10:53,12/19/2016 13:10:53,‏35314369001 ~PAYPAL,מוצרי חשמל ותקשורת
555,12/19/2016 13:10:53,12/19/2016 13:10:53,PAYPAL *MICROSOFTLU  ,מוצרי חשמל ותקשורת
556,12/19/2016 13:10:53,12/19/2016 13:10:53,קפה בונו,בילוי ומסעדות
557,12/19/2016 13:10:53,12/19/2016 13:10:53,קפה קפה - יהודה מכבי,בילוי ומסעדות
558,12/19/2016 13:10:53,12/19/2016 13:10:53,דה גורדון ביץ'  ,בילוי ומסעדות
559,12/19/2016 13:10:53,12/19/2016 13:10:53,‏GOOGLE.COM/CH~GOOGLE,מוצרי חשמל ותקשורת
560,12/19/2016 13:10:53,12/19/2016 13:10:53,"בר תרבות אורבנית בע""",בילוי ומסעדות
561,12/19/2016 13:10:53,12/19/2016 13:10:53,רכבת קלה סיטיפס,רכב ותחבורה
562,12/19/2016 13:10:53,12/19/2016 13:10:53,לה שוק,בילוי ומסעדות
563,12/19/2016 13:10:53,12/19/2016 13:10:53,בוטיק סנטרל,בילוי ומסעדות
564,12/19/2016 13:10:53,12/19/2016 13:10:53,‏פז YELLOW חופית -,רכב ותחבורה
565,12/19/2016 13:10:53,12/19/2016 13:10:53,ללי פופ  ,בילוי ומסעדות
566,12/19/2016 13:10:53,12/19/2016 13:10:53,מלון רויאל גארדן,בילוי ומסעדות
567,12/19/2016 13:10:53,12/19/2016 13:10:53,ביגי זי בר,בילוי ומסעדות
568,12/19/2016 13:10:53,12/19/2016 13:10:53,סופר פארם גורדון,בריאות
569,12/19/2016 13:10:53,12/19/2016 13:10:53,שירותי צילום-מפעיל ב  ,חינוך ומשפחה
570,12/19/2016 13:10:53,12/19/2016 13:10:53,‏לה מולאן,בילוי ומסעדות
571,12/19/2016 13:10:53,12/19/2016 13:10:53,תחנת קפה כפר יהושע,בילוי ומסעדות
572,12/19/2016 13:10:53,12/19/2016 13:10:53,נכסי אריאל-חניון מרכ,רכב ותחבורה
573,12/19/2016 13:10:53,12/19/2016 13:10:53,חומוס בהדונס אבן גבי,בילוי ומסעדות
574,12/19/2016 13:10:53,12/19/2016 13:10:53,אלון אינטרייד בתי קפ,בילוי ומסעדות
575,12/19/2016 13:10:53,12/19/2016 13:10:53,"‏בזק בינלאומי בע""מ",מיסים ותשלומים
576,12/19/2016 13:10:53,12/19/2016 13:10:53,דרך ארץ - 6 אישי  ,רכב ותחבורה
577,12/19/2016 13:10:53,12/19/2016 13:10:53,פניקס ביטוח  ,ביטוח
578,12/19/2016 13:10:53,12/19/2016 13:10:53,ת.נ.ל. יעוץ והשקעות  ,מוצרי חשמל ותקשורת
579,12/19/2016 13:10:53,12/19/2016 13:10:53,עדן בריאות טבע מרקט-,מזון ומשקאות
580,12/19/2016 13:10:53,12/19/2016 13:10:53,‏רוטשילד 12,בילוי ומסעדות
581,12/19/2016 13:10:53,12/19/2016 13:10:53,חומוס אסלי,בילוי ומסעדות
582,12/19/2016 13:10:53,12/19/2016 13:10:53,אידלסון,בילוי ומסעדות
583,12/19/2016 13:10:53,12/19/2016 13:10:53,"אניטה גלידה בע""מ",בילוי ומסעדות
584,12/19/2016 13:10:53,12/19/2016 13:10:53,אתנחתא קפה קטן על די,בילוי ומסעדות
585,12/19/2016 13:10:53,12/19/2016 13:10:53,וניליה מתחם התחנה,בילוי ומסעדות
586,12/19/2016 13:10:53,12/19/2016 13:10:53,פוקס ילדים-דיזינגוף,מתנות ומזכרות
587,12/19/2016 13:10:53,12/19/2016 13:10:53,"‏י.ל ממתקים בע""מ סניף",מזון ומשקאות
588,12/19/2016 13:10:53,12/19/2016 13:10:53,פרופסור ביס  ,בילוי ומסעדות
589,12/19/2016 13:10:53,12/19/2016 13:10:53,דואלי מכונות אוטומטי,בילוי ומסעדות
590,12/19/2016 13:10:53,12/19/2016 13:10:53,פאנגו חניה סלולרית  ,רכב ותחבורה
591,12/19/2016 13:10:53,12/19/2016 13:10:53,אבו גוש,בילוי ומסעדות
592,12/19/2016 13:10:53,12/19/2016 13:10:53,"א.ח דבוש בע""מ",בילוי ומסעדות
593,12/19/2016 13:10:53,12/19/2016 13:10:53,מקדונלדס כוכב יאיר,בילוי ומסעדות
594,12/19/2016 13:10:53,12/19/2016 13:10:53,אגודת הסטודנטים,חינוך ומשפחה
595,12/19/2016 13:10:53,12/19/2016 13:10:53,עמלת הנפקת כרטיס חלו  ,שירותי בנקאות
596,12/19/2016 13:10:53,12/19/2016 13:10:53,פאנגו חניה סלולרית,רכב ותחבורה
597,12/19/2016 13:10:53,12/19/2016 13:10:53,PAYPAL *PAYPALHK,מוצרי חשמל ותקשורת
598,12/19/2016 13:10:53,12/19/2016 13:10:53,מגדנית מרציפן בעמ,מזון ומשקאות
599,12/19/2016 13:10:53,12/19/2016 13:10:53,"ריבית עו""ש",שירותי בנקאות
600,12/19/2016 13:10:53,12/19/2016 13:10:53,רכבת בנימינה,רכב ותחבורה
601,12/19/2016 13:10:53,12/19/2016 13:10:53,חניון ק.אביב,רכב ותחבורה
602,12/19/2016 13:10:53,12/19/2016 13:10:53,ממלכת החלבה והטחינה,מזון ומשקאות
603,12/19/2016 13:10:53,12/19/2016 13:10:53,קפה נחמה  ,בילוי ומסעדות
604,12/19/2016 13:10:53,12/19/2016 13:10:53,אגודה הסטודנטים החדש,חינוך ומשפחה
605,12/19/2016 13:10:53,12/19/2016 13:10:53,מילגן,בילוי ומסעדות
606,12/19/2016 13:10:53,12/19/2016 13:10:53,פיליפ פיצה צרפתית,בילוי ומסעדות
607,12/19/2016 13:10:53,12/19/2016 13:10:53,ליעד הום נקודה קום,בית וגן
608,12/19/2016 13:10:53,12/19/2016 13:10:53,דרייב סטור  ,בילוי ומסעדות
609,12/19/2016 13:10:53,12/19/2016 13:10:53,פלאפל גבאי בוגרשוב  ,בילוי ומסעדות
610,12/19/2016 13:10:53,12/19/2016 13:10:53,פיס אוף קייק,בילוי ומסעדות
611,12/19/2016 13:10:53,12/19/2016 13:10:53,יוגורט סינמה סיטי בע,בילוי ומסעדות
612,12/19/2016 13:10:53,12/19/2016 13:10:53,"תמרה יוגורט בע""מ",בילוי ומסעדות
613,12/19/2016 13:10:53,12/19/2016 13:10:53,קפיטרי,בילוי ומסעדות
614,12/19/2016 13:10:53,12/19/2016 13:10:53,קפה הלוי,בילוי ומסעדות
615,12/19/2016 13:10:53,12/19/2016 13:10:53,"אידלסון 01 בע""מ",בילוי ומסעדות
616,12/19/2016 13:10:53,12/19/2016 13:10:53,אביגאלי מכונות אוטומ  ,בילוי ומסעדות
617,12/19/2016 13:10:53,12/19/2016 13:10:53,אי אם פי אם אחד העם,מזון ומשקאות
618,12/19/2016 13:10:53,12/19/2016 13:10:53,עלים ירוקים-אוניברסי,בילוי ומסעדות
619,12/19/2016 13:10:53,12/19/2016 13:10:53,‏אי פי אי צור יגאל,בילוי ומסעדות
620,12/19/2016 13:10:53,12/19/2016 13:10:53,אבולעפיה תא,מזון ומשקאות
621,12/19/2016 13:10:53,12/19/2016 13:10:53,אי פי אי צור יגאל,מזון ומשקאות
622,12/19/2016 13:10:53,12/19/2016 13:10:53,מינימרקט רויאל גרדן,מזון ומשקאות
623,12/19/2016 13:10:53,12/19/2016 13:10:53,בלייזר ידיעות  ,תרבות ופנאי
624,12/19/2016 13:10:53,12/19/2016 13:10:53,‏בלייזר ידיעות,תרבות ופנאי
625,12/19/2016 13:10:53,12/19/2016 13:10:53,שירותי צילום-מפעיל ב,חינוך ומשפחה
627,12/19/2016 13:10:53,12/19/2016 13:10:53,SUPERMERCADO EL DUEN  ,נופש
628,12/19/2016 13:10:53,12/19/2016 13:10:53,"ימית - חניוני נתב""ג",רכב ותחבורה
629,12/19/2016 13:10:53,12/19/2016 13:10:53,יאשקה,בילוי ומסעדות
630,12/19/2016 13:10:53,12/19/2016 13:10:53,פז YELLOW מבוא עתלית,בילוי ומסעדות
631,12/19/2016 13:10:53,12/19/2016 13:10:53,מאי - ארט,בית וגן
632,12/19/2016 13:10:53,12/19/2016 13:10:53,אחוזות החוף - חניון,רכב ותחבורה
634,12/19/2016 13:10:53,12/19/2016 13:10:53,דואלי מכונות אוטומטי  ,בילוי ומסעדות
635,12/19/2016 13:10:53,12/19/2016 13:10:53,"כללית ת""א-רמת אביב ג",בריאות
636,12/19/2016 13:10:53,12/19/2016 13:10:53,קפה קפה ממילא,בילוי ומסעדות
637,12/19/2016 13:10:53,12/19/2016 13:10:53,קפה אשתור,בילוי ומסעדות
638,12/19/2016 13:10:53,12/19/2016 13:10:53,מינימרקט,מזון ומשקאות
639,12/19/2016 13:10:53,12/19/2016 13:10:53,"ברוטשילד ג.נ בע""מ  ",בילוי ומסעדות
640,12/19/2016 13:10:53,12/19/2016 13:10:53,אי.אם.פי.אם,מזון ומשקאות
641,12/19/2016 13:10:53,12/19/2016 13:10:53,תחנת דלק פז קיסריה,בילוי ומסעדות
642,12/19/2016 13:10:53,12/19/2016 13:10:53,HAR*HARVARD BUSNSS S  ,חינוך ומשפחה
643,12/19/2016 13:10:53,12/19/2016 13:10:53,לאב איט,בילוי ומסעדות
644,12/19/2016 13:10:53,12/19/2016 13:10:53,‏אינטרנט ק.פון דיזנגו,תרבות ופנאי
645,12/19/2016 13:10:53,12/19/2016 13:10:53,‏אחוזת החוף- חניון מד,רכב ותחבורה
646,12/19/2016 13:10:53,12/19/2016 13:10:53,א.אמ.פי.אם מרקט,מזון ומשקאות
647,12/19/2016 13:10:53,12/19/2016 13:10:53,קופי טיים בעמ,בילוי ומסעדות
648,12/19/2016 13:10:53,12/19/2016 13:10:53,חניון מרכז עזריאלי ב,רכב ותחבורה
649,12/19/2016 13:10:53,12/19/2016 13:10:53,עלית קופי רכבת בנימי,בילוי ומסעדות
650,12/19/2016 13:10:53,12/19/2016 13:10:53,הלל עזריאלי,בילוי ומסעדות
651,12/19/2016 13:10:53,12/19/2016 13:10:53,דלק ח.י היובל,בילוי ומסעדות
652,12/19/2016 13:10:53,12/19/2016 13:10:53,דמי כרטיס /הנפקה  ,שירותי בנקאות
653,12/19/2016 13:10:53,12/19/2016 13:10:53,דמי כרטיס /הנפקה,שירותי בנקאות
654,12/19/2016 13:10:53,12/19/2016 13:10:53,דירקט- מצטבר,שירותי בנקאות
655,12/19/2016 13:10:53,12/19/2016 13:10:53,‏617-783-7500 ~HAR*HA,חינוך ומשפחה
656,12/19/2016 13:10:53,12/19/2016 13:10:53,"השלמה למינ ד""נ",שירותי בנקאות
657,12/19/2016 13:10:53,12/19/2016 13:10:53,GOOGLE *GOOGLE STORA,מוצרי חשמל ותקשורת
658,12/19/2016 13:10:53,12/19/2016 13:10:53,מסטרקרד,שירותי בנקאות
659,12/19/2016 13:10:53,12/19/2016 13:10:53,PP*9538CODE,שירותי בנקאות
660,12/19/2016 13:10:53,12/19/2016 13:10:53,איילה אביב עוז פרבין,בילוי ומסעדות
661,12/19/2016 13:10:53,12/19/2016 13:10:53,מנהרות הכרמל-ע. רגיל  ,רכב ותחבורה
662,12/19/2016 13:10:53,12/19/2016 13:10:53,קפה גרג דיזינגוף סנט,בילוי ומסעדות
663,12/19/2016 13:10:53,12/19/2016 13:10:53,‏פאנגו חניה סלולרית,רכב ותחבורה
664,12/19/2016 13:10:53,12/19/2016 13:10:53,‏דואלי מכונות אוטומטי,בילוי ומסעדות
665,12/19/2016 13:10:53,12/19/2016 13:10:53,DUALLY VENDING MACHI  ,בילוי ומסעדות
666,12/19/2016 13:10:53,12/19/2016 13:10:53,CashBack זיכוי  ,זיכוי
667,12/19/2016 13:10:53,12/19/2016 13:10:53,שירותי צילום-מפ,חינוך ומשפחה
668,12/19/2016 13:10:53,12/19/2016 13:10:53,עמלת תשלום נדחה,ביגוד והנעלה
669,12/19/2016 13:10:53,12/19/2016 13:10:53,THE STREETS,בילוי ומסעדות
670,12/19/2016 13:10:53,12/19/2016 13:10:53,ארקפה בייקרי,בילוי ומסעדות
671,12/19/2016 13:10:53,12/19/2016 13:10:53,אי.אם.פי.אם דיזינגוף,מזון ומשקאות
672,12/19/2016 13:10:53,12/19/2016 13:10:53,ROOM SERVICE,בילוי ומסעדות
673,12/19/2016 13:10:53,12/19/2016 13:10:53,מזנון אבן גבירול,בילוי ומסעדות
674,12/19/2016 13:10:53,12/19/2016 13:10:53,יבולי השדה,מזון ומשקאות
675,12/19/2016 13:10:53,12/19/2016 13:10:53,"קפה הורקנוס בע""מ",בילוי ומסעדות
676,12/19/2016 13:10:53,12/19/2016 13:10:53,טיב טעם רשתות דיזינג,מזון ומשקאות
677,12/19/2016 13:10:53,12/19/2016 13:10:53,איקאה נתניה,בית וגן
678,12/19/2016 13:10:53,12/19/2016 13:10:53,שלי אבן גבירול,מזון ומשקאות
679,12/19/2016 13:10:53,12/19/2016 13:10:53,שוק אבן גבירול,מזון ומשקאות
680,12/19/2016 13:10:53,12/19/2016 13:10:53,"סנטרל פארק בע""מ חניו",רכב ותחבורה
681,12/19/2016 13:10:53,12/19/2016 13:10:53,"בייקרי ס.א.ל בע""מ",בילוי ומסעדות
682,12/19/2016 13:10:53,12/19/2016 13:10:53,פנגו חניה סלולארית,רכב ותחבורה
683,12/19/2016 13:10:53,12/19/2016 13:10:53,סופר פארם רמת אביב,בריאות
684,12/19/2016 13:10:53,12/19/2016 13:10:53,דלק מנטה קמעונאות ר.,רכב ותחבורה
685,12/19/2016 13:10:53,12/19/2016 13:10:53,עירית חיפה,מיסים ותשלומים
686,12/19/2016 13:10:53,12/19/2016 13:10:53,4029357733 ~PAYPAL,מזון ומשקאות
687,12/19/2016 13:10:53,12/19/2016 13:10:53,אלון חוצה ישראל מערב,רכב ותחבורה
688,12/19/2016 13:10:53,12/19/2016 13:10:53,קפה אירופה,בילוי ומסעדות
689,12/19/2016 13:10:53,12/19/2016 13:10:53,דראגסטור,מזון ומשקאות
690,12/19/2016 13:10:53,12/19/2016 13:10:53,לחמים מאפייה ואספרסו,בילוי ומסעדות
691,12/19/2016 13:10:53,12/19/2016 13:10:53,223,בילוי ומסעדות
692,12/19/2016 13:10:53,12/19/2016 13:10:53,35314369001 ~PAYPAL,מוצרי חשמל ותקשורת
693,12/19/2016 13:10:53,12/19/2016 13:10:53,בוטיק פטיסרי,בילוי ומסעדות
694,12/19/2016 13:10:53,12/19/2016 13:10:53,"כללית ת""א-בן נון",בריאות
695,12/19/2016 13:10:53,12/19/2016 13:10:53,תמי 4,מוצרי חשמל ותקשורת
696,12/19/2016 13:10:53,12/19/2016 13:10:53,דראגסטור,מזון ומשקאות
697,12/19/2016 13:10:53,12/19/2016 13:10:53,סופר אלונית חוצה ישר,בילוי ומסעדות
698,12/19/2016 13:10:53,12/19/2016 13:10:53,4029357733 ~PAYPAL,מזון ומשקאות
699,12/19/2016 13:10:53,12/19/2016 13:10:53,S WAER,ביגוד והנעלה
700,12/19/2016 13:10:53,12/19/2016 13:10:53,המשביר דיזינגוף,ביגוד והנעלה
701,12/19/2016 13:10:53,12/19/2016 13:10:53,דורון ספרים חימוביץ,חינוך ומשפחה
702,12/19/2016 13:10:53,12/19/2016 13:10:53,ADWORDS ~GOOGLE,חינוך ומשפחה
703,12/19/2016 13:10:53,12/19/2016 13:10:53,הר חרמון מז,נופש
704,12/19/2016 13:10:53,12/19/2016 13:10:53,הר חרמון מז,נופש
705,12/19/2016 13:10:53,12/19/2016 13:10:53,4029357733 ~PAYPAL,מתנות ומזכרות
706,12/19/2016 13:10:53,12/19/2016 13:10:53,GOOGLE.COM/CH~GOOGLE,חינוך ומשפחה
707,12/19/2016 13:10:53,12/19/2016 13:10:53,AWS.AMAZON.CO~AMAZON,מוצרי חשמל ותקשורת
708,12/19/2016 13:10:53,12/19/2016 13:10:53,888-4014678 ~BLU*KD,מוצרי חשמל ותקשורת
709,12/19/2016 13:10:53,12/19/2016 13:10:53,GOOGLE.COM/CH~GOOGLE,מוצרי חשמל ותקשורת
710,12/19/2016 13:10:53,12/19/2016 13:10:53,סופר פארם ביג פולג 1,בריאות
711,12/19/2016 13:10:53,12/19/2016 13:10:53,דור - יקום,רכב ותחבורה
712,12/19/2016 13:10:53,12/19/2016 13:10:53,PAYBOX,מזון ומשקאות
713,12/19/2016 13:10:53,12/19/2016 13:10:53,ללין נרות וסבונים בע,בית וגן
714,12/19/2016 13:10:53,12/19/2016 13:10:53,שיק-סניף אחר (י),מענק לימודים
715,12/19/2016 13:10:53,12/19/2016 13:10:53,פירעון שיק (י),בריאות
716,12/19/2016 13:10:53,12/19/2016 13:10:53,כספומט לאומי 063(י),מזומן
717,12/19/2016 13:10:53,12/19/2016 13:10:53,בנק-קט הפועלים 609(י),מזומן
718,12/19/2016 13:10:53,12/19/2016 13:10:53,כספומט לאומי 989(י),מזומן
719,12/19/2016 13:10:53,12/19/2016 13:10:53,פירעון שיק (י),שיקים
720,12/19/2016 13:10:53,12/19/2016 13:10:53,פירעון שיק (י),בריאות
721,12/19/2016 13:10:53,12/19/2016 13:10:53,כספומט לאומי 813(י),מזומן
722,12/19/2016 13:10:53,12/19/2016 13:10:53,פירעון שיק (י),מתנות ומזכרות
723,12/19/2016 13:10:53,12/19/2016 13:10:53,פירעון שיק (י),בריאות
724,12/19/2016 13:10:53,12/19/2016 13:10:53,סטארטאפ טכנולוגיות (י),משכורת
725,12/19/2016 13:10:53,12/19/2016 13:10:53,כספומט לאומי 989(י),מזומן
726,12/19/2016 13:10:53,12/19/2016 13:10:53,פירעון שיק (י),שיקים
727,12/19/2016 13:10:53,12/19/2016 13:10:53,כספומט לאומי 813(י),מזומן
728,12/19/2016 13:10:53,12/19/2016 13:10:53,פירעון שיק (י),בריאות
729,12/19/2016 13:10:53,12/19/2016 13:10:53,כספומט לאומי 813(י),מזומן
730,12/19/2016 13:10:53,12/19/2016 13:10:53,פירעון שיק (י),בריאות
731,12/19/2016 13:10:53,12/19/2016 13:10:53,פירעון שיק (י),בית וגן
732,12/19/2016 13:10:53,12/19/2016 13:10:53,פירעון שיק (י),בריאות
733,12/19/2016 13:10:53,12/19/2016 13:10:53,מרכז רפואי נ.א.ר.א,בריאות
734,12/19/2016 13:10:53,12/19/2016 13:10:53,טריידמוביל בעמ,רכב ותחבורה
735,12/19/2016 13:10:53,12/19/2016 13:10:53,בייבי סטאר,בית וגן
736,12/19/2016 13:10:53,12/19/2016 13:10:53,שילב נמל - חנות,בית וגן
737,12/19/2016 13:10:53,12/19/2016 13:10:53,מרום מרפאת מומחים רב,בריאות
738,12/19/2016 13:10:53,12/19/2016 13:10:53,4029357733 ~PAYPAL,מזון ומשקאות
739,12/19/2016 13:10:53,12/19/2016 13:10:53,קומפיוטסט הנדסת ציוד,רכב ותחבורה
740,12/19/2016 13:10:53,12/19/2016 13:10:53,מנגו דיזינגוף סנטר,ביגוד והנעלה
741,12/19/2016 13:10:53,12/19/2016 13:10:53,דור - יקום,רכב ותחבורה
742,12/19/2016 13:10:53,12/19/2016 13:10:53,"קוליקו עיצובים בע""מ",בית וגן
743,12/19/2016 13:10:53,12/19/2016 13:10:53,זאפה הרצליה,בילוי ומסעדות
744,12/19/2016 13:10:53,12/19/2016 13:10:53,פז YELLOW אלישמע -,רכב ותחבורה
745,12/19/2016 13:10:53,12/19/2016 13:10:53,פז YELLOW ירמינו,רכב ותחבורה
746,12/19/2016 13:10:53,12/19/2016 13:10:53,קפה סבסטיאן,בילוי ומסעדות
747,12/19/2016 13:10:53,12/19/2016 13:10:53,S WAER,ביגוד והנעלה
748,12/19/2016 13:10:53,12/19/2016 13:10:53,4029357733 ~PAYPAL,ביגוד והנעלה
749,12/19/2016 13:10:53,12/19/2016 13:10:53,ADWORDS ~GOOGLE,מוצרי חשמל ותקשורת
750,12/19/2016 13:10:53,12/19/2016 13:10:53,35314369001 ~PAYPAL,ביגוד והנעלה
751,12/19/2016 13:10:53,12/19/2016 13:10:53,AMZN.COM/BILL~AMAZON,רכב ותחבורה
752,12/19/2016 13:10:53,12/19/2016 13:10:53,S WAER,ביגוד והנעלה
753,12/19/2016 13:10:53,12/19/2016 13:10:53,"פזגז בע""מ",מיסים ותשלומים
754,12/19/2016 13:10:53,12/19/2016 13:10:53,"קוליקו עיצובים בע""מ",בית וגן
755,12/19/2016 13:10:53,12/19/2016 13:10:53,סופר - פארם מגדל שלו,בריאות
756,12/19/2016 13:10:53,12/19/2016 13:10:53,"ד""ר חייק יוסף מנתח פ",בריאות
757,12/19/2016 13:10:53,12/19/2016 13:10:53,"היפרטוי ב""ס פקר",מתנות ומזכרות
758,12/19/2016 13:10:53,12/19/2016 13:10:53,לוי יצחק אינסטלציה,בית וגן
759,12/19/2016 13:10:53,12/19/2016 13:10:53,אייסברג,בילוי ומסעדות
760,12/19/2016 13:10:53,12/19/2016 13:10:53,4029357733 ~PAYPAL,יופי ואביזרי אופנה
761,12/19/2016 13:10:53,12/19/2016 13:10:53,מזנון רמת החייל,בילוי ומסעדות
762,12/19/2016 13:10:53,12/19/2016 13:10:53,פונדק איילון,בילוי ומסעדות
763,12/19/2016 13:10:53,12/19/2016 13:10:53,35314369001 ~PAYPAL,מוצרי חשמל ותקשורת
764,12/19/2016 13:10:53,12/19/2016 13:10:53,"דיזנגוף - רי באר בע""",בית וגן
765,12/19/2016 13:10:53,12/19/2016 13:10:53,"ארטא מרכז ת""א",ביגוד והנעלה
766,12/19/2016 13:10:53,12/19/2016 13:10:53,"דבוש ת""א",בילוי ומסעדות
767,12/19/2016 13:10:53,12/19/2016 13:10:53,"ורד שמיר בע""מ",בית וגן
768,12/19/2016 13:10:53,12/19/2016 13:10:53,יאיר השחר חניונים,רכב ותחבורה
769,12/19/2016 13:10:53,12/19/2016 13:10:53,"שרון וזיו סופר בע""מ",בית וגן
770,12/19/2016 13:10:53,12/19/2016 13:10:53,משפטים-משכן-מקוון,רכב ותחבורה
771,12/19/2016 13:10:53,12/19/2016 13:10:53,סונול סגולה,בילוי ומסעדות
772,12/19/2016 13:10:53,12/19/2016 13:10:53,מינימרקט אלהילאל,מזון ומשקאות
773,12/19/2016 13:10:53,12/19/2016 13:10:53,ילן- גרין קפה,בילוי ומסעדות
774,12/19/2016 13:10:53,12/19/2016 13:10:53,"חניון רכב די.סי בע""מ",רכב ותחבורה
775,12/19/2016 13:10:53,12/19/2016 13:10:53,ארקפה רשתות 1996 בעמ,בילוי ומסעדות
776,12/19/2016 13:10:53,12/19/2016 13:10:53,סופר אלונית חוצה ישר,בילוי ומסעדות
777,12/19/2016 13:10:53,12/19/2016 13:10:53,רכבת סגולה - פתח תקו,רכב ותחבורה
778,12/19/2016 13:10:53,12/19/2016 13:10:53,"שרון וזיו סופר בע""מ",מזון ומשקאות
779,12/19/2016 13:10:53,12/19/2016 13:10:53,"מנגו ת""א",ביגוד והנעלה
780,12/19/2016 13:10:53,12/19/2016 13:10:53,AWS.AMAZON.CO~AMAZON,מוצרי חשמל ותקשורת
781,12/19/2016 13:10:53,12/19/2016 13:10:53,GOOGLE.COM/CH~GOOGLE,מוצרי חשמל ותקשורת
782,12/19/2016 13:10:53,12/19/2016 13:10:53,866-321-8851 ~AMAZON,מוצרי חשמל ותקשורת
783,12/19/2016 13:10:53,12/19/2016 13:10:53,דור - יקום,רכב ותחבורה
784,12/19/2016 13:10:53,12/19/2016 13:10:53,דור - יקום,בילוי ומסעדות
785,12/19/2016 13:10:53,12/19/2016 13:10:53,שוקולד בר - נתניה,בילוי ומסעדות
786,12/19/2016 13:10:53,12/19/2016 13:10:53,מור-המכון למידע רפוא,בריאות
787,12/19/2016 13:10:53,12/19/2016 13:10:53,תפוז כתום שיווק אופנ,ביגוד והנעלה
788,12/19/2016 13:10:53,12/19/2016 13:10:53,ללין נרות וסבונים בע,בית וגן
789,12/19/2016 13:10:53,12/19/2016 13:10:53,אור קוסמטיקה,יופי ואביזרי אופנה
790,12/19/2016 13:10:53,12/19/2016 13:10:53,שופרסל דיל פולג,מזון ומשקאות
791,12/19/2016 13:10:53,12/19/2016 13:10:53,PAYBOX,מזון ומשקאות
792,12/19/2016 13:10:53,12/19/2016 13:10:53,אפרתה,ביגוד והנעלה
793,12/19/2016 13:10:53,12/19/2016 13:10:53,אור קוסמטיקה,יופי ואביזרי אופנה
794,12/19/2016 13:10:53,12/19/2016 13:10:53,PAYBOX,מזון ומשקאות
795,12/19/2016 13:10:53,12/19/2016 13:10:53,ארקפה רשתות (1996) ב,בילוי ומסעדות
796,12/19/2016 13:10:53,12/19/2016 13:10:53,ארקפה רשתות (1996) ב,בילוי ומסעדות
797,12/19/2016 13:10:53,12/19/2016 13:10:53,‏כפיתולינה,בילוי ומסעדות
798,12/19/2016 13:10:53,12/19/2016 13:10:53,‏אור קוסמטיקה,יופי ואביזרי אופנה
799,12/19/2016 13:10:53,12/19/2016 13:10:53,‏על עלים מרכז לצמחי מ,בריאות
800,12/19/2016 13:10:53,12/19/2016 13:10:53,‏רכבת נתניה,רכב ותחבורה
801,12/19/2016 13:10:53,12/19/2016 13:10:53,‏ילן- גרין קפה,בילוי ומסעדות
802,12/19/2016 13:10:53,12/19/2016 13:10:53,‏י.ק סלולר,מוצרי חשמל ותקשורת
803,12/19/2016 13:10:53,12/19/2016 13:10:53,‏THE STREETS,בילוי ומסעדות
804,12/19/2016 13:10:53,12/19/2016 13:10:53,‏גולף א.ק גנדן נתניה,בית וגן
805,12/19/2016 13:10:53,12/19/2016 13:10:53,‏ארקפה רשתות (1996) ב,בילוי ומסעדות
806,12/19/2016 13:10:53,12/19/2016 13:10:53,‏סופר פארם מרכז השלום,בריאות
807,12/19/2016 13:10:53,12/19/2016 13:10:53,‏הוצאת עיתון הארץ-אינ,תרבות ופנאי
808,12/19/2016 13:10:53,12/19/2016 13:10:53,‏חניון גן העיר,רכב ותחבורה
809,12/19/2016 13:10:53,12/19/2016 13:10:53,‏קרטרס גן העיר,ביגוד והנעלה
810,12/19/2016 13:10:53,12/19/2016 13:10:53,"‏מצמן תל אביב בע""מ",רכב ותחבורה
811,12/19/2016 13:10:53,12/19/2016 13:10:53,‏לנדוור סנטרל פארק,בילוי ומסעדות
812,12/19/2016 13:10:53,12/19/2016 13:10:53,‏FLEAMRKET,בילוי ומסעדות
813,12/19/2016 13:10:53,12/19/2016 13:10:53,‏THE STREETS,בילוי ומסעדות
814,12/19/2016 13:10:53,12/19/2016 13:10:53,‏זאפה הרצליה,תרבות ופנאי
815,12/19/2016 13:10:53,12/19/2016 13:10:53,‏חניון הרצליה ביזנס פ,רכב ותחבורה
816,12/19/2016 13:10:53,12/19/2016 13:10:53,‏JUICY IN JAFFA,בילוי ומסעדות
817,12/19/2016 13:10:53,12/19/2016 13:10:53,"‏ראס אל חנות בע""מ",בילוי ומסעדות
818,12/19/2016 13:10:53,12/19/2016 13:10:53,‏מנדלבוים עמי מזרונים,בית וגן
819,12/19/2016 13:10:53,12/19/2016 13:10:53,‏35314369001 ~PAYPAL,מוצרי חשמל ותקשורת
820,12/19/2016 13:10:53,12/19/2016 13:10:53,‏צ'יקטי,בילוי ומסעדות
821,12/19/2016 13:10:53,12/19/2016 13:10:53,‏חניון מגדל אלקטרה,רכב ותחבורה
822,12/19/2016 13:10:53,12/19/2016 13:10:53,‏פז YELLOW ניר גלים -,רכב ותחבורה
823,12/19/2016 13:10:53,12/19/2016 13:10:53,"‏קפה 7 נמל ת""א",בילוי ומסעדות
824,12/19/2016 13:10:53,12/19/2016 13:10:53,‏מגה ספורט נמל,בית וגן
825,12/19/2016 13:10:53,12/19/2016 13:10:53,‏חניון מגדל אלקטרה,רכב ותחבורה
826,12/19/2016 13:10:53,12/19/2016 13:10:53,‏4029357733 ~PAYPAL,בריאות
827,12/19/2016 13:10:53,12/19/2016 13:10:53,‏THE STREETS,בילוי ומסעדות
828,12/19/2016 13:10:53,12/19/2016 13:10:53,‏דורון ספרים חימוביץ,חינוך ומשפחה
829,12/19/2016 13:10:53,12/19/2016 13:10:53,‏קפה ג'ו אבן גבירול 4,בילוי ומסעדות
830,12/19/2016 13:10:53,12/19/2016 13:10:53,‏הוצאת עיתון הארץ-אינ,תרבות ופנאי
831,12/19/2016 13:10:53,12/19/2016 13:10:53,‏THE STREETS,בילוי ומסעדות
832,12/19/2016 13:10:53,12/19/2016 13:10:53,‏THE STREETS,בילוי ומסעדות
833,12/19/2016 13:10:53,12/19/2016 13:10:53,‏מסעדת קלארו,בילוי ומסעדות
834,12/19/2016 13:10:53,12/19/2016 13:10:53,"‏חניון רכב די.סי בע""מ",רכב ותחבורה
835,12/19/2016 13:10:53,12/19/2016 13:10:53,‏ארקפה הרצליה,בילוי ומסעדות
836,12/19/2016 13:10:53,12/19/2016 13:10:53,‏מבחר המשקאות,מזון ומשקאות
837,12/19/2016 13:10:53,12/19/2016 13:10:53,‏דרגסטור אבן גבירול,מזון ומשקאות
838,12/19/2016 13:10:53,12/19/2016 13:10:53,‏ללין גן העיר,בית וגן
839,12/19/2016 13:10:53,12/19/2016 13:10:53,‏גן העיר המשביר בתי כ,בית וגן
840,12/19/2016 13:10:53,12/19/2016 13:10:53,‏אוליב ויצמן,בילוי ומסעדות
841,12/19/2016 13:10:53,12/19/2016 13:10:53,‏ארומה- מרכז ויצמן,בילוי ומסעדות
842,12/19/2016 13:10:53,12/19/2016 13:10:53,‏עלית קופי איכלוב יול,בילוי ומסעדות
843,12/19/2016 13:10:53,12/19/2016 13:10:53,‏עלית קופי איכלוב יול,בילוי ומסעדות
844,12/19/2016 13:10:53,12/19/2016 13:10:53,‏AWS.AMAZON.CO~AMAZON,מוצרי חשמל ותקשורת
845,12/19/2016 13:10:53,12/19/2016 13:10:53,‏GOOGLE.COM/CH~GOOGLE,מוצרי חשמל ותקשורת
846,12/19/2016 13:10:53,12/19/2016 13:10:53,‏PAYBOX,מזון ומשקאות
847,12/19/2016 13:10:53,12/19/2016 13:10:53,‏סופר פארם ביג פולג 1,בריאות
848,12/19/2016 13:10:53,12/19/2016 13:10:53,‏אור קוסמטיקה,יופי ואביזרי אופנה
849,12/19/2016 13:10:53,12/19/2016 13:10:53,‏דור - יקום,רכב ותחבורה
850,12/19/2016 13:10:53,12/19/2016 13:10:53,"‏מירל התאמה בע""מ",ביגוד והנעלה
851,12/19/2016 13:10:53,12/19/2016 13:10:53,‏קפה לואיז נווה אביבי,בילוי ומסעדות
852,12/19/2016 13:10:53,12/19/2016 13:10:53,‏THE STREETS,בילוי ומסעדות
853,12/19/2016 13:10:53,12/19/2016 13:10:53,"‏סופר פארם ויצמן ת""א",בריאות
854,12/19/2016 13:10:53,12/19/2016 13:10:53,‏ביי-מי שוברי מתנה,מתנות ומזכרות
855,12/19/2016 13:10:53,12/19/2016 13:10:53,‏בוטיק פטסירי,בילוי ומסעדות
856,12/19/2016 13:10:53,12/19/2016 13:10:53,‏OVIVARERIFO,יופי ואביזרי אופנה
857,12/19/2016 13:10:53,12/19/2016 13:10:53,‏אור קוסמטיקה,יופי ואביזרי אופנה
858,12/19/2016 13:10:53,12/19/2016 13:10:53,‏RUSTICO BAZEL,בילוי ומסעדות
859,12/19/2016 13:10:53,12/19/2016 13:10:53,"‏קוליקו עיצובים בע""מ",בית וגן
860,12/19/2016 13:10:53,12/19/2016 13:10:53,‏THE STREETS,בילוי ומסעדות
861,12/19/2016 13:10:53,12/19/2016 13:10:53,"‏קוליקו עיצובים בע""מ",בית וגן
862,12/19/2016 13:10:53,12/19/2016 13:10:53,‏OVIVARERIFO,יופי ואביזרי אופנה
863,12/19/2016 13:10:53,12/19/2016 13:10:53,‏THE STREETS,בילוי ומסעדות
864,12/19/2016 13:10:53,12/19/2016 13:10:53,‏THE STREETS,בילוי ומסעדות
865,12/19/2016 13:10:53,12/19/2016 13:10:53,‏עלית קופי איכלוב יול,בילוי ומסעדות
866,12/19/2016 13:10:53,12/19/2016 13:10:53,שילב - איכילוב,בית וגן
867,12/19/2016 13:10:53,12/19/2016 13:10:53,"שוקו ספורטוויר בע""מ-",ביגוד והנעלה
868,12/19/2016 13:10:53,12/19/2016 13:10:53,סופר פארם איכילוב 10,בריאות
869,12/19/2016 13:10:53,12/19/2016 13:10:53,מלון ביבי ליס,בריאות
870,12/19/2016 13:10:53,12/19/2016 13:10:53,סופר פארם איכילוב 10,בריאות
871,12/19/2016 13:10:53,12/19/2016 13:10:53,GETT,רכב ותחבורה
872,12/19/2016 13:10:53,12/19/2016 13:10:53,שילב בעמ-גן העיר,בית וגן
873,12/19/2016 13:10:53,12/19/2016 13:10:53,רולדין ויצמן סיטי,בילוי ומסעדות
874,12/19/2016 13:10:53,12/19/2016 13:10:53,4029357733 ~PAYPAL,בריאות
875,12/19/2016 13:10:53,12/19/2016 13:10:53,GETT,רכב ותחבורה
876,12/19/2016 13:10:53,12/19/2016 13:10:53,AMZN.COM/BILL~AMAZON,מוצרי חשמל ותקשורת
877,12/19/2016 13:10:53,12/19/2016 13:10:53,גלנטי,בית וגן
878,12/19/2016 13:10:53,12/19/2016 13:10:53,4029357733 ~PAYPAL,מזון ומשקאות
879,12/19/2016 13:10:53,12/19/2016 13:10:53,SUSHI ZE בעמ,בילוי ומסעדות
880,12/19/2016 13:10:53,12/19/2016 13:10:53,COOK AND BAKE,בית וגן
881,12/19/2016 13:10:53,12/19/2016 13:10:53,אוריינט אקספרס,בילוי ומסעדות
882,12/19/2016 13:10:53,12/19/2016 13:10:53,ארקפה דיזינגוף,בילוי ומסעדות
883,12/19/2016 13:10:53,12/19/2016 13:10:53,שילב בעמ-גן העיר,בית וגן
884,12/19/2016 13:10:53,12/19/2016 13:10:53,דיאדה נמל תל אביב,בריאות
885,12/19/2016 13:10:53,12/19/2016 13:10:53,ללין דיזנגוף סנטר,יופי ואביזרי אופנה
886,12/19/2016 13:10:53,12/19/2016 13:10:53,פריZ ארטיקים טבעיים,מזון ומשקאות
887,12/19/2016 13:10:53,12/19/2016 13:10:53,דלק קמעונאות דורון כ,רכב ותחבורה
888,12/19/2016 13:10:53,12/19/2016 13:10:53,35314369001 ~PAYPAL,מוצרי חשמל ותקשורת
889,12/19/2016 13:10:53,12/19/2016 13:10:53,"לילית בייקרי בע""מ",בילוי ומסעדות
890,12/19/2016 13:10:53,12/19/2016 13:10:53,גורמה שופ,מזון ומשקאות
891,12/19/2016 13:10:53,12/19/2016 13:10:53,ארקפה דיזינגוף,בילוי ומסעדות
892,12/19/2016 13:10:53,12/19/2016 13:10:53,אמריקן איגל דיזינגוף,ביגוד והנעלה
893,12/19/2016 13:10:53,12/19/2016 13:10:53,קפה לולו פטיסרי,בילוי ומסעדות
894,12/19/2016 13:10:53,12/19/2016 13:10:53,סופר פארם לונדון 39,בריאות
895,12/19/2016 13:10:53,12/19/2016 13:10:53,פריZ ארטיקים טבעיים,מזון ומשקאות
896,12/19/2016 13:10:53,12/19/2016 13:10:53,ארקפה נתניה,בילוי ומסעדות
897,12/19/2016 13:10:53,12/19/2016 13:10:53,ארקפה נתניה,בילוי ומסעדות
898,12/19/2016 13:10:53,12/19/2016 13:10:53,זוריק,בילוי ומסעדות
899,12/19/2016 13:10:53,12/19/2016 13:10:53,4029357733 ~PAYPAL,מוצרי חשמל ותקשורת
900,12/19/2016 13:10:53,12/19/2016 13:10:53,תמרה מיצים טבעיים,בילוי ומסעדות
901,12/19/2016 13:10:53,12/19/2016 13:10:53,פנגו- חניה סלולארית,רכב ותחבורה
902,12/19/2016 13:10:53,12/19/2016 13:10:53,4029357733 ~PAYPAL,ביגוד והנעלה
903,12/19/2016 13:10:53,12/19/2016 13:10:53,AWS.AMAZON.CO~AMAZON,מוצרי חשמל ותקשורת
904,12/19/2016 13:10:53,12/19/2016 13:10:53,GOOGLE.COM/CH~GOOGLE,מוצרי חשמל ותקשורת
905,12/19/2016 13:10:53,12/19/2016 13:10:53,GOOGLE.COM/CH~GOOGLE,מוצרי חשמל ותקשורת
906,12/19/2016 13:10:53,12/19/2016 13:10:53,מלון ביבי ליס,בריאות
907,12/19/2016 13:10:53,12/19/2016 13:10:53,סופר פארם איכילוב 10,בריאות
908,12/19/2016 13:10:53,12/19/2016 13:10:53,GETTAXI,רכב ותחבורה
909,12/19/2016 13:10:53,12/19/2016 13:10:53,קפה גרג - נמל תל אבי,בילוי ומסעדות
910,12/19/2016 13:10:53,12/19/2016 13:10:53,4029357733 ~PAYPAL,בית וגן
911,12/19/2016 13:10:53,12/19/2016 13:10:53,גדרה 26,בילוי ומסעדות
912,12/19/2016 13:10:53,12/19/2016 13:10:53,דלק קמעונאות גיבורי,רכב ותחבורה
913,12/19/2016 13:10:53,12/19/2016 13:10:53,דלק קמעונאות גיבורי,רכב ותחבורה
914,12/19/2016 13:10:53,12/19/2016 13:10:53,רונן זגורי קליית חמ,מזון ומשקאות
915,12/19/2016 13:10:53,12/19/2016 13:10:53,ורדינון קניון גן העי,בית וגן
916,12/19/2016 13:10:53,12/19/2016 13:10:53,אמריקן איגל דיזינגוף,ביגוד והנעלה
917,12/19/2016 13:10:53,12/19/2016 13:10:53,4029357733 ~PAYPAL,מזון ומשקאות
918,12/19/2016 13:10:53,12/19/2016 13:10:53,GETTAXI,רכב ותחבורה
919,12/19/2016 13:10:53,12/19/2016 13:10:53,GETTAXI,רכב ותחבורה
920,12/19/2016 13:10:53,12/19/2016 13:10:53,קפה אלברט,בילוי ומסעדות
921,12/19/2016 13:10:53,12/19/2016 13:10:53,35314369001 ~PAYPAL,מוצרי חשמל ותקשורת
922,12/19/2016 13:10:53,12/19/2016 13:10:53,"פלאנט ספא בע""מ",תרבות ופנאי
923,12/19/2016 13:10:53,12/19/2016 13:10:53,MY PHONE,מוצרי חשמל ותקשורת
924,12/19/2016 13:10:53,12/19/2016 13:10:53,גורמה שופ,מזון ומשקאות
925,12/19/2016 13:10:53,12/19/2016 13:10:53,קפה מסריק-תמוז בתי ק,בילוי ומסעדות
926,12/19/2016 13:10:53,12/19/2016 13:10:53,GETTAXI,רכב ותחבורה
927,12/19/2016 13:10:53,12/19/2016 13:10:53,מיטונת,בית וגן
928,12/19/2016 13:10:53,12/19/2016 13:10:53,מסימו דוטי מותגים או,ביגוד והנעלה
929,12/19/2016 13:10:53,12/19/2016 13:10:53,4029357733 ~PAYPAL,ביגוד והנעלה
930,12/19/2016 13:10:53,12/19/2016 13:10:53,GETTAXI,רכב ותחבורה
931,12/19/2016 13:10:53,12/19/2016 13:10:53,GETTAXI,רכב ותחבורה
932,12/19/2016 13:10:53,12/19/2016 13:10:53,4029357733 ~PAYPAL,מוצרי חשמל ותקשורת
933,12/19/2016 13:10:53,12/19/2016 13:10:53,בוקה יהודה מכבי,בילוי ומסעדות
934,12/19/2016 13:10:53,12/19/2016 13:10:53,סופר פארם ק.רננים 68,בריאות
935,12/19/2016 13:10:53,12/19/2016 13:10:53,10 ביס,בילוי ומסעדות
936,12/19/2016 13:10:53,12/19/2016 13:10:53,וניליה נמל תל אביב,בילוי ומסעדות
937,12/19/2016 13:10:53,12/19/2016 13:10:53,KITCHEN MARKET LTD,בילוי ומסעדות
938,12/19/2016 13:10:53,12/19/2016 13:10:53,סקנקס ארט,בית וגן
939,12/19/2016 13:10:53,12/19/2016 13:10:53,פנגו- חניה סלולארית,רכב ותחבורה
940,12/19/2016 13:10:53,12/19/2016 13:10:53,AWS.AMAZON.CO~AMAZON,מוצרי חשמל ותקשורת
941,12/19/2016 13:10:53,12/19/2016 13:10:53,GOOGLE.COM/CH~GOOGLE,מוצרי חשמל ותקשורת
942,12/19/2016 13:10:53,12/19/2016 13:10:53,אייץ' אנד או רשתות א,ביגוד והנעלה
943,12/19/2016 13:10:53,12/19/2016 13:10:53,"שוקו ספורטוויר בע""מ-",ביגוד והנעלה
944,12/19/2016 13:10:53,12/19/2016 13:10:53,ללין דיזנגוף סנטר,יופי ואביזרי אופנה
945,12/19/2016 13:10:53,12/19/2016 13:10:53,MAC דיזנגוף- אלקליל,יופי ואביזרי אופנה
946,12/19/2016 13:10:53,12/19/2016 13:10:53,ניילס NAILS -,יופי ואביזרי אופנה
947,12/19/2016 13:10:53,12/19/2016 13:10:53,שילב בעמ-גן העיר,בית וגן
948,12/19/2016 13:10:53,12/19/2016 13:10:53,שילב בעמ-גן העיר,בית וגן
949,12/19/2016 13:10:53,12/19/2016 13:10:53,קפה לולו פטיסרי,בילוי ומסעדות
950,12/19/2016 13:10:53,12/19/2016 13:10:53,סופר יודה סניף ישעיה,מזון ומשקאות
951,12/19/2016 13:10:53,12/19/2016 13:10:53,בנות לולו ליאם - דיז,ביגוד והנעלה
952,12/19/2016 13:10:53,12/19/2016 13:10:53,לחם ארז אבן גבירול,בילוי ומסעדות
953,12/19/2016 13:10:53,12/19/2016 13:10:53,פריZ ארטיקים טבעיים,מזון ומשקאות
954,12/19/2016 13:10:53,12/19/2016 13:10:53,קפה לולו פטיסרי,בילוי ומסעדות
955,12/19/2016 13:10:53,12/19/2016 13:10:53,ילדות קסומה,ביגוד והנעלה
956,12/19/2016 13:10:53,12/19/2016 13:10:53,עדי שדה,ביגוד והנעלה
957,12/19/2016 13:10:53,12/19/2016 13:10:53,אר קפה קניון אביב,בילוי ומסעדות
958,12/19/2016 13:10:53,12/19/2016 13:10:53,דלאל,בילוי ומסעדות
959,12/19/2016 13:10:53,12/19/2016 13:10:53,ניילס NAILS -,יופי ואביזרי אופנה
960,12/19/2016 13:10:53,12/19/2016 13:10:53,עדי שדה,ביגוד והנעלה
961,12/19/2016 13:10:53,12/19/2016 13:10:53,פריZ ארטיקים טבעיים,מזון ומשקאות
962,12/19/2016 13:10:53,12/19/2016 13:10:53,סטודיו סי ככר המדינה,בריאות
963,12/19/2016 13:10:53,12/19/2016 13:10:53,סטודיו סי ככר המדינה,בריאות
964,12/19/2016 13:10:53,12/19/2016 13:10:53,סטודיו סי ככר המדינה,בריאות
965,12/19/2016 13:10:53,12/19/2016 13:10:53,קולור טאצ בעמ,בית וגן
966,12/19/2016 13:10:53,12/19/2016 13:10:53,קפה לולו פטיסרי,בילוי ומסעדות
967,12/19/2016 13:10:53,12/19/2016 13:10:53,שילב בעמ-גן העיר,בית וגן
968,12/19/2016 13:10:53,12/19/2016 13:10:53,ימימה,מתנות ומזכרות
969,12/19/2016 13:10:53,12/19/2016 13:10:53,קפה לולו פטיסרי,בילוי ומסעדות
970,12/19/2016 13:10:53,12/19/2016 13:10:53,אחוזת החוף - גולדה,רכב ותחבורה
971,12/19/2016 13:10:53,12/19/2016 13:10:53,ארקפה,בילוי ומסעדות
972,12/19/2016 13:10:53,12/19/2016 13:10:53,ניילס NAILS -,יופי ואביזרי אופנה
973,12/19/2016 13:10:53,12/19/2016 13:10:53,מאפיית לחם ושות',בילוי ומסעדות
974,12/19/2016 13:10:53,12/19/2016 13:10:53,פרנקו,ביגוד והנעלה
975,12/19/2016 13:10:53,12/19/2016 13:10:53,מאפיית לחם ושות',בילוי ומסעדות
976,12/19/2016 13:10:53,12/19/2016 13:10:53,‏סופר פארם רמת אביב 8,בריאות
977,12/19/2016 13:10:53,12/19/2016 13:10:53,‏עדן טבע מרקט - תל אב,מזון ומשקאות
978,12/19/2016 13:10:53,12/19/2016 13:10:53,‏סופר פארם רמת אביב 8,בריאות
979,12/19/2016 13:10:53,12/19/2016 13:10:53,‏החומוס של רונן,בילוי ומסעדות
980,12/19/2016 13:10:53,12/19/2016 13:10:53,‏תחנת תדלוק הדקל רעננ,רכב ותחבורה
981,12/19/2016 13:10:53,12/19/2016 13:10:53,‏רב קו אונליין,רכב ותחבורה
982,12/19/2016 13:10:53,12/19/2016 13:10:53,‏שופרסל און ליין,מזון ומשקאות
983,12/19/2016 13:10:53,12/19/2016 13:10:53,‏דרך ארץ 6 - אישי,רכב ותחבורה
984,12/19/2016 13:10:53,12/19/2016 13:10:53,"‏חניון הברזל 29 ת""א",רכב ותחבורה
985,12/19/2016 13:10:53,12/19/2016 13:10:53,‏טאקריה,בילוי ומסעדות
986,12/19/2016 13:10:53,12/19/2016 13:10:53,‏אחוזות החוף- חניון ב,רכב ותחבורה
987,12/19/2016 13:10:53,12/19/2016 13:10:53,‏אגנס בר,בילוי ומסעדות
988,12/19/2016 13:10:53,12/19/2016 13:10:53,‏החומוס של רונן,בילוי ומסעדות
989,12/19/2016 13:10:53,12/19/2016 13:10:53,‏עמדת מפתח - סינרמה,בית וגן
990,12/19/2016 13:10:53,12/19/2016 13:10:53,‏AMZN.COM/PRME~AMAZON,יופי ואביזרי אופנה
991,12/19/2016 13:10:53,12/19/2016 13:10:53,‏AMZN.COM/BILL~AMAZON,יופי ואביזרי אופנה
992,12/19/2016 13:10:53,12/19/2016 13:10:53,‏AMZN.COM/BILL~AMAZON,יופי ואביזרי אופנה
993,12/19/2016 13:10:53,12/19/2016 13:10:53,‏G.CO/PAYHELP#~GOOGLE,מוצרי חשמל ותקשורת
994,12/19/2016 13:10:53,12/19/2016 13:10:53,‏LONDON ~WWW.AL,בית וגן
995,12/19/2016 13:10:53,12/19/2016 13:10:53,‏החומוס של רונן,מזון ומשקאות
996,12/19/2016 13:10:53,12/19/2016 13:10:53,‏יין מילנו,מזון ומשקאות
997,12/19/2016 13:10:53,12/19/2016 13:10:53,"‏צינה מעשנת בע""מ",בילוי ומסעדות
998,12/19/2016 13:10:53,12/19/2016 13:10:53,"‏מרקטו מעדנים בע""מ",מזון ומשקאות
999,12/19/2016 13:10:53,12/19/2016 13:10:53,‏קפה הנרייטה,בילוי ומסעדות
1000,12/19/2016 13:10:53,12/19/2016 13:10:53,"‏קשרי תעופה בע""מ",נופש
1001,12/19/2016 13:10:53,12/19/2016 13:10:53,‏רוזה פארקס,בילוי ומסעדות
1002,12/19/2016 13:10:53,12/19/2016 13:10:53,‏ווניליה ירמיהו,בילוי ומסעדות
1003,12/19/2016 13:10:53,12/19/2016 13:10:53,‏099550066 ~PAYPAL,ביגוד והנעלה
1004,12/19/2016 13:10:53,12/19/2016 13:10:53,"‏אמורה מיו בע""מ",בילוי ומסעדות
1005,12/19/2016 13:10:53,12/19/2016 13:10:53,‏שופרסל און ליין,מזון ומשקאות
1006,12/19/2016 13:10:53,12/19/2016 13:10:53,‏יין מילנו,מזון ומשקאות
1007,12/19/2016 13:10:53,12/19/2016 13:10:53,‏בלק בר אנד בורגר,בילוי ומסעדות
1008,12/19/2016 13:10:53,12/19/2016 13:10:53,‏דלתא-גן העיר,ביגוד והנעלה
1009,12/19/2016 13:10:53,12/19/2016 13:10:53,"‏מרקטו מעדנים בע""מ",מזון ומשקאות
1010,12/19/2016 13:10:53,12/19/2016 13:10:53,‏קסרולה,בית וגן
1011,12/19/2016 13:10:53,12/19/2016 13:10:53,"‏קפה אשתור בע""מ",בילוי ומסעדות
1012,12/19/2016 13:10:53,12/19/2016 13:10:53,"‏סופר יודה א""ג 103",מזון ומשקאות
1013,12/19/2016 13:10:53,12/19/2016 13:10:53,"‏סופר יודה א""ג 103",מזון ומשקאות
1014,12/19/2016 13:10:53,12/19/2016 13:10:53,‏יין מילנו,מזון ומשקאות
1015,12/19/2016 13:10:53,12/19/2016 13:10:53,‏THE STREETS אבן גביר,בילוי ומסעדות
1016,12/19/2016 13:10:53,12/19/2016 13:10:53,‏אלורה,בילוי ומסעדות
1017,12/19/2016 13:10:53,12/19/2016 13:10:53,‏לחם ושות',בילוי ומסעדות
1018,12/19/2016 13:10:53,12/19/2016 13:10:53,‏קפה הנרייטה,בילוי ומסעדות
1019,12/19/2016 13:10:53,12/19/2016 13:10:53,‏קיקי,בילוי ומסעדות
1020,12/19/2016 13:10:53,12/19/2016 13:10:53,"‏מלרם- נמ""ר",בריאות
1021,12/19/2016 13:10:53,12/19/2016 13:10:53,‏לחם ושות',מזון ומשקאות
1022,12/19/2016 13:10:53,12/19/2016 13:10:53,‏מה שבטוח פתרונות לסב,בית וגן
1023,12/19/2016 13:10:53,12/19/2016 13:10:53,‏לחם ושות',בילוי ומסעדות
1024,12/19/2016 13:10:53,12/19/2016 13:10:53,‏אבולעפיה ה מ מאפים,בילוי ומסעדות
1025,12/19/2016 13:10:53,12/19/2016 13:10:53,‏קיקי,בילוי ומסעדות
1026,12/19/2016 13:10:53,12/19/2016 13:10:53,‏לחם ושות',בילוי ומסעדות
1027,12/19/2016 13:10:53,12/19/2016 13:10:53,‏חברת פרטנר תקשורת בע,מיסים ותשלומים
1028,12/19/2016 13:10:53,12/19/2016 13:10:53,‏רכישת תווים,מתנות ומזכרות
1029,12/19/2016 13:10:53,12/19/2016 13:10:53,‏טפליא,בילוי ומסעדות
1030,12/19/2016 13:10:53,12/19/2016 13:10:53,‏קסרולה,בית וגן
1031,12/19/2016 13:10:53,12/19/2016 13:10:53,‏פיין שוקולד בלגיה בע,מתנות ומזכרות
1032,12/19/2016 13:10:53,12/19/2016 13:10:53,‏בוטיק סנטרל עוגות ופ,בילוי ומסעדות
1033,12/19/2016 13:10:53,12/19/2016 13:10:53,‏לחם ושות',בילוי ומסעדות
1034,12/19/2016 13:10:53,12/19/2016 13:10:53,‏אגאדיר בן יהודה,בילוי ומסעדות
1035,12/19/2016 13:10:53,12/19/2016 13:10:53,‏מסעדת קיטון,בילוי ומסעדות
1036,12/19/2016 13:10:53,12/19/2016 13:10:53,‏פניקס חיים ובריאות,בריאות
1037,12/19/2016 13:10:53,12/19/2016 13:10:53,‏פניקס חיים ובריאות,בריאות
1038,12/19/2016 13:10:53,12/19/2016 13:10:53,‏פניקס חיים ובריאות,בריאות
1039,12/19/2016 13:10:53,12/19/2016 13:10:53,‏אילן בן שחר דיסקים ו,בית וגן
1040,12/19/2016 13:10:53,12/19/2016 13:10:53,‏שופרסל שלי אבן גבירו,מזון ומשקאות
1041,12/19/2016 13:10:53,12/19/2016 13:10:53,‏13421815093 ~PAYPAL,בית וגן
1042,12/19/2016 13:10:53,12/19/2016 13:10:53,"‏טיב טעם רשתות בע""מ ר",מזון ומשקאות
1043,12/19/2016 13:10:53,12/19/2016 13:10:53,‏אחוזת חוף-חניון הארד,רכב ותחבורה
1044,12/19/2016 13:10:53,12/19/2016 13:10:53,‏אקו,בילוי ומסעדות
1045,12/19/2016 13:10:53,12/19/2016 13:10:53,‏שוקולטה,בילוי ומסעדות
1046,12/19/2016 13:10:53,12/19/2016 13:10:53,‏כלי זמר בעמ,בית וגן
1047,12/19/2016 13:10:53,12/19/2016 13:10:53,‏אחוזות החוף- חניון ס,רכב ותחבורה
1048,12/19/2016 13:10:53,12/19/2016 13:10:53,‏מיכל משיח ISUP,מתנות ומזכרות
1049,12/19/2016 13:10:53,12/19/2016 13:10:53,‏06105601589 ~WWW.1A,בית וגן
1050,12/19/2016 13:10:53,12/19/2016 13:10:53,"‏חניון חכ""ל בניה ופיק",רכב ותחבורה
1051,12/19/2016 13:10:53,12/19/2016 13:10:53,‏פז YELLOW שער -,רכב ותחבורה
1052,12/19/2016 13:10:53,12/19/2016 13:10:53,‏בייקרי דיזינגוף,בילוי ומסעדות
1053,12/19/2016 13:10:53,12/19/2016 13:10:53,‏הרצליה מדיקל סנטר בע,בריאות
1054,12/19/2016 13:10:53,12/19/2016 13:10:53,‏טופולופומפו,בילוי ומסעדות
1055,12/19/2016 13:10:53,12/19/2016 13:10:53,‏פרופסור יוסף לסינג,בריאות
1056,12/19/2016 13:10:53,12/19/2016 13:10:53,‏תחנת דלק קוקו תל אבי,רכב ותחבורה
1057,12/19/2016 13:10:53,12/19/2016 13:10:53,‏לילי רוז,בילוי ומסעדות
1058,12/19/2016 13:10:53,12/19/2016 13:10:53,‏המאור הררי,בית וגן
1059,12/19/2016 13:10:53,12/19/2016 13:10:53,"‏היפרטוי נמל ת""א",בית וגן
1060,12/19/2016 13:10:53,12/19/2016 13:10:53,‏בייקרי דיזינגוף,בילוי ומסעדות
1061,12/19/2016 13:10:53,12/19/2016 13:10:53,‏קונפידנס מערכות,בית וגן
1062,12/19/2016 13:10:53,12/19/2016 13:10:53,‏רד מרקט,מזון ומשקאות
1063,12/19/2016 13:10:53,12/19/2016 13:10:53,‏רד מרקט,מזון ומשקאות
1064,12/19/2016 13:10:53,12/19/2016 13:10:53,‏ג'ירף קפה הרצליה,בילוי ומסעדות
1065,12/19/2016 13:10:53,12/19/2016 13:10:53,‏המוסד לביטוח לאומי,מטפלת
1066,12/19/2016 13:10:53,12/19/2016 13:10:53,‏העץ הרצליה (2012) בע,מתנות ומזכרות
1067,12/19/2016 13:10:53,12/19/2016 13:10:53,‏בייקרי דיזינגוף,בילוי ומסעדות
1068,12/19/2016 13:10:53,12/19/2016 13:10:53,‏תחנת ענבר,בילוי ומסעדות
1069,12/19/2016 13:10:53,12/19/2016 13:10:53,‏פז YELLOW זק -,בילוי ומסעדות
1070,12/19/2016 13:10:53,12/19/2016 13:10:53,‏פז YELLOW זק -,רכב ותחבורה
1071,12/19/2016 13:10:53,12/19/2016 13:10:53,‏פז YELLOW צומת נתנ -,בילוי ומסעדות
1072,12/19/2016 13:10:53,12/19/2016 13:10:53,‏טאפאו,בילוי ומסעדות
1073,12/19/2016 13:10:53,12/19/2016 13:10:53,‏חברת חשמל מחוז דן מ,מיסים ותשלומים
1074,12/19/2016 13:10:53,12/19/2016 13:10:53,‏6502657649 ~COURSE,חינוך והשכלה